"Nom de l'opérateur";"Millésime des données";"Filière";"CODE_REGION";"Catégorie de la consommation";"Code NAF à 2 positions du secteur (NAF rev2 2008)";"Code du grand secteur";"Consommation (en MWh)";"Nombre de points de livraison";"Indice de qualité des données (en pourcent)";"Thermosensibilité dans le résidentiel (en kWh/degré-jour)";"Part de la consommation thermosensible dans le résidentiel (en pourcent)";"Nombre d'IRIS masqués"
"texte";"annee";"texte";"entier";"texte";"naf_division";"texte";"texte";"entier";"texte";"nombre";"nombre";"entier"
"n/a";"n/a";"n/a";"s/u";"n/a";"n/a";"n/a";"MWh";"s/u";"n/a";"s/u";"s/u";"s/u"
"OPERATEUR";"ANNEE";"FILIERE";"CODE_REGION";"CODE_CATEGORIE_CONSOMMATION";"CODE_SECTEUR_NAF2";"CODE_GRAND_SECTEUR";"CONSO";"PDL";"INDQUAL";"THERMOR";"PART";"NB_IRIS_MASQUES"
"GRDF";"2018";"G";"11";"PRO";;"I";"366155,00514";"7001";;;;
"GRDF";"2018";"G";"11";"ENT";;"I";"895212,15944";"236";;;;
"GRDF";"2018";"G";"11";"PRO";;"T";"3275391,79607";"66728";;;;
"GRDF";"2018";"G";"11";"ENT";;"X";"30546,79975";"619";;;;
"GRDF";"2018";"G";"11";"RES";;"R";"38165686,18311";"2486083";;;;
"GRDF";"2018";"G";"11";"PRO";;"A";"9895,28477";"189";;;;
"GRDF";"2018";"G";"11";"ENT";;"A";"11075,25213";"10";;;;
"GRDF";"2018";"G";"11";"ENT";"65";"T";"29643,83278";"48";;;;
"GRDF";"2018";"G";"11";"ENT";"85";"T";"362797,51578";"429";;;;
"GRDF";"2018";"G";"11";"ENT";"42";"I";"23624,41423";"22";;;;
"GRDF";"2018";"G";"11";"ENT";"55";"T";"419265,76745";"679";;;;
"GRDF";"2018";"G";"11";"ENT";"24";"I";"46129,77852";"29";;;;
"GRDF";"2018";"G";"11";"ENT";"56";"T";"103102,55432";"260";;;;
"GRDF";"2018";"G";"11";"ENT";"51";"T";"23904,22582";"16";;;;
"GRDF";"2018";"G";"11";"ENT";"29";"I";"20397,08356";"25";;;;
"GRDF";"2018";"G";"11";"ENT";"61";"T";"35353,21497";"77";;;;
"GRDF";"2018";"G";"11";"ENT";"31";"I";"5573,90176";"8";;;;
"GRDF";"2018";"G";"11";"ENT";"63";"T";"3720,50322";"7";;;;
"GRDF";"2018";"G";"11";"ENT";"80";"T";"3507,48348";"10";;;;
"GRDF";"2018";"G";"11";"ENT";"13";"I";"30437,10681";"3";;;;
"GRDF";"2018";"G";"11";"ENT";"21";"I";"68330,79554";"25";;;;
"GRDF";"2018";"G";"11";"ENT";"19";"I";"29263,30362";"3";;;;
"GRDF";"2018";"G";"11";"ENT";"96";"T";"38739,54014";"36";;;;
"GRDF";"2018";"G";"11";"ENT";"14";"I";"2097,45719";"8";;;;
"GRDF";"2018";"G";"11";"ENT";"60";"T";"147,87859";"1";;;;
"GRDF";"2018";"G";"11";"ENT";"78";"T";"134,61405";"1";;;;
"GRDF";"2018";"G";"11";"ENT";"08";"I";"36868,59517";"4";;;;
"GRDF";"2018";"G";"11";"ENT";"88";"T";"115953,18477";"188";;;;
"GRDF";"2018";"G";"11";"ENT";"17";"I";"31649,06496";"25";;;;
"GRDF";"2018";"G";"11";"ENT";"73";"T";"17196,78947";"22";;;;
"GRDF";"2018";"G";"11";"ENT";"86";"T";"340272,33571";"184";;;;
"GRDF";"2018";"G";"11";"ENT";"53";"T";"4324,77875";"2";;;;
"GRDF";"2018";"G";"11";"ENT";"69";"T";"49407,24975";"70";;;;
"GRDF";"2018";"G";"11";"ENT";"15";"I";"1903,03602";"1";;;;
"GRDF";"2018";"G";"11";"ENT";"87";"T";"332823,49952";"509";;;;
"GRDF";"2018";"G";"11";"ENT";"37";"T";"52192,49421";"7";;;;
"GRDF";"2018";"G";"11";"ENT";"77";"T";"26443,24395";"42";;;;
"GRDF";"2018";"G";"11";"ENT";"27";"I";"36298,27419";"20";;;;
"GRDF";"2018";"G";"11";"ENT";"02";"A";"1130,81771";"2";;;;
"GRDF";"2018";"G";"11";"ENT";"94";"T";"228052,12581";"318";;;;
"GRDF";"2018";"G";"11";"ENT";"36";"T";"8142,7635";"11";;;;
"GRDF";"2018";"G";"11";"ENT";"92";"T";"2362,8861";"2";;;;
"GRDF";"2018";"G";"11";"ENT";"30";"I";"30175,7607";"7";;;;
"GRDF";"2018";"G";"11";"ENT";"11";"I";"19234,39026";"6";;;;
"GRDF";"2018";"G";"11";"ENT";"10";"I";"166979,356";"92";;;;
"GRDF";"2018";"G";"11";"ENT";"18";"I";"39517,70379";"28";;;;
"GRDF";"2018";"G";"11";"ENT";"28";"I";"32271,77533";"50";;;;
"GRDF";"2018";"G";"11";"ENT";"09";"I";"443,41726";"1";;;;
"GRDF";"2018";"G";"11";"ENT";"49";"T";"289790,36315";"174";;;;
"GRDF";"2018";"G";"11";"ENT";"52";"T";"88171,67643";"90";;;;
"GRDF";"2018";"G";"11";"ENT";"70";"T";"300708,4467";"366";;;;
"GRDF";"2018";"G";"11";"ENT";"22";"I";"146078,0076";"115";;;;
"GRDF";"2018";"G";"11";"ENT";"45";"T";"129657,53368";"290";;;;
"GRDF";"2018";"G";"11";"ENT";"23";"I";"42724,15352";"28";;;;
"GRDF";"2018";"G";"11";"ENT";"62";"T";"14800,69258";"14";;;;
"GRDF";"2018";"G";"11";"ENT";"81";"T";"419427,2296";"555";;;;
"GRDF";"2018";"G";"11";"ENT";"66";"T";"39668,50163";"61";;;;
"GRDF";"2018";"G";"11";"ENT";"74";"T";"8645,30515";"11";;;;
"GRDF";"2018";"G";"11";"ENT";"91";"T";"24054,86861";"22";;;;
"GRDF";"2018";"G";"11";"ENT";"38";"T";"48940,96474";"21";;;;
"GRDF";"2018";"G";"11";"ENT";"46";"T";"894409,49419";"340";;;;
"GRDF";"2018";"G";"11";"ENT";"84";"T";"1861568,99405";"2304";;;;
"GRDF";"2018";"G";"11";"ENT";"47";"T";"213048,08714";"299";;;;
"GRDF";"2018";"G";"11";"ENT";"64";"T";"297690,03303";"202";;;;
"GRDF";"2018";"G";"11";"ENT";"82";"T";"178914,77142";"127";;;;
"GRDF";"2018";"G";"11";"ENT";"35";"I";"93568,07125";"82";;;;
"GRDF";"2018";"G";"11";"ENT";"71";"T";"62383,29002";"67";;;;
"GRDF";"2018";"G";"11";"ENT";"59";"T";"6256,00139";"18";;;;
"GRDF";"2018";"G";"11";"ENT";"16";"I";"850,36322";"4";;;;
"GRDF";"2018";"G";"11";"ENT";;"T";"4188649,63421";"3787";;;;
"GRDF";"2018";"G";"11";"ENT";"58";"T";"13076,83832";"11";;;;
"GRDF";"2018";"G";"11";"ENT";"20";"I";"103784,98419";"64";;;;
"GRDF";"2018";"G";"11";"ENT";"68";"T";"2921891,90862";"3212";;;;
"GRDF";"2018";"G";"11";"ENT";"41";"I";"79065,48893";"142";;;;
"GRDF";"2018";"G";"11";"ENT";"32";"I";"14173,23291";"15";;;;
"GRDF";"2018";"G";"11";"ENT";"72";"T";"133817,00972";"54";;;;
"GRDF";"2018";"G";"11";"ENT";"43";"I";"580972,58645";"499";;;;
"GRDF";"2018";"G";"11";"ENT";"93";"T";"55136,16198";"79";;;;
"GRDF";"2018";"G";"11";"ENT";"90";"T";"23797,73172";"36";;;;
"GRDF";"2018";"G";"11";"ENT";"01";"A";"23635,98438";"43";;;;
"GRDF";"2018";"G";"11";"ENT";"33";"T";"14315,89347";"19";;;;
"GRDF";"2018";"G";"11";"ENT";"99";"T";"19059,81436";"46";;;;
"GRDF";"2018";"G";"11";"ENT";"95";"T";"866,01617";"2";;;;
"GRDF";"2018";"G";"11";"ENT";"26";"I";"28191,40147";"28";;;;
"GRDF";"2018";"G";"11";"ENT";"25";"I";"133023,97207";"137";;;;
"GRT Gaz";"2018";"G";"11";"ENT";"08";"I";"27679,380613";"2";;;;" 0"
"GRT Gaz";"2018";"G";"11";"ENT";"10";"I";"522731,84163";"8";;;;" 0"
"GRT Gaz";"2018";"G";"11";"ENT";"17";"I";"33325,528143";"1";;;;" 0"
"GRT Gaz";"2018";"G";"11";"ENT";"18";"I";"42488,3425";"1";;;;" 0"
"GRT Gaz";"2018";"G";"11";"ENT";"19";"I";"568064,879064";"1";;;;" 0"
"GRT Gaz";"2018";"G";"11";"ENT";"20";"I";"2689798,584223";"3";;;;" 0"
"GRT Gaz";"2018";"G";"11";"ENT";"21";"I";"87991,60222";"1";;;;" 0"
"GRT Gaz";"2018";"G";"11";"ENT";"23";"I";"1025288,538913";"10";;;;" 0"
"GRT Gaz";"2018";"G";"11";"ENT";"24";"I";"452631,003117";"3";;;;" 0"
"GRT Gaz";"2018";"G";"11";"ENT";"26";"I";"26525,332896";"2";;;;" 0"
"GRT Gaz";"2018";"G";"11";"ENT";"29";"I";"583267,438573";"6";;;;" 0"
"GRT Gaz";"2018";"G";"11";"ENT";"30";"I";"119146,962184";"3";;;;" 0"
"GRT Gaz";"2018";"G";"11";"ENT";"35";"I";"6039158,757142";"59";;;;" 0"
"GRT Gaz";"2018";"G";"11";"ENT";"43";"I";"100360,471358";"2";;;;" 0"
"GRT Gaz";"2018";"G";"11";"ENT";"33";"T";"1430,173672";"1";;;;" 0"
"GRT Gaz";"2018";"G";"11";"ENT";"37";"T";"13211,794991";"1";;;;" 0"
"GRT Gaz";"2018";"G";"11";"ENT";"38";"T";"45189,558867";"1";;;;" 0"
"GRT Gaz";"2018";"G";"11";"ENT";"46";"T";"113141,753621";"1";;;;" 0"
"GRT Gaz";"2018";"G";"11";"ENT";"52";"T";"237976,588755";"4";;;;" 0"
"GRT Gaz";"2018";"G";"11";"ENT";"64";"T";"12043,692442";"1";;;;" 0"
"GRT Gaz";"2018";"G";"11";"ENT";"68";"T";"130092,881262";"1";;;;" 0"
"GRT Gaz";"2018";"G";"11";"ENT";"70";"T";"472201,639934";"1";;;;" 0"
"GRT Gaz";"2018";"G";"11";"ENT";"81";"T";"36853,372455";"1";;;;" 0"
"GRT Gaz";"2018";"G";"11";"ENT";"84";"T";"69710,597806";"1";;;;" 0"
"GRT Gaz";"2018";"G";"11";"ENT";"86";"T";"11096,458943";"1";;;;" 0"
"Gedia";"2018";"G";"24";"ENT_PRO";;"I";"44309,45";"40";"0,95";;;" 0"
"Gedia";"2018";"G";"24";"RES";;"R";"206129,088";"13340";"0,95";;;" 0"
"Gedia";"2018";"G";"24";"ENT_PRO";;"T";"81584,196";"54";"0,95";;;" 0"
"Gedia";"2018";"G";"24";"ENT_PRO";;"X";"31398,99";"33";"0,95";;;" 6"
"GRDF";"2018";"G";"24";"RES";;"R";"6172179,68071";"423661";;;;
"GRDF";"2018";"G";"24";"PRO";;"A";"7791,48644";"139";;;;
"GRDF";"2018";"G";"24";"ENT";;"I";"877329,21699";"134";;;;
"GRDF";"2018";"G";"24";"PRO";;"I";"106170,5104";"1777";;;;
"GRDF";"2018";"G";"24";"PRO";;"T";"826613,44578";"16067";;;;
"GRDF";"2018";"G";"24";"ENT";;"T";"375620,04937";"353";;;;
"GRDF";"2018";"G";"24";"ENT";;"A";"200055,21188";"16";;;;
"GRDF";"2018";"G";"24";"ENT";"65";"T";"4948,37825";"9";;;;
"GRDF";"2018";"G";"24";"ENT";"85";"T";"133185,18372";"162";;;;
"GRDF";"2018";"G";"24";"ENT";"42";"I";"19352,81765";"5";;;;
"GRDF";"2018";"G";"24";"ENT";"55";"T";"51571,66683";"54";;;;
"GRDF";"2018";"G";"24";"ENT";"24";"I";"73901,78241";"11";;;;
"GRDF";"2018";"G";"24";"ENT";"56";"T";"6364,61973";"22";;;;
"GRDF";"2018";"G";"24";"ENT";"20";"I";"118326,05649";"25";;;;
"GRDF";"2018";"G";"24";"ENT";"61";"T";"3206,00515";"11";;;;
"GRDF";"2018";"G";"24";"ENT";"31";"I";"37339,75577";"20";;;;
"GRDF";"2018";"G";"24";"ENT";"11";"I";"156018,73696";"6";;;;
"GRDF";"2018";"G";"24";"ENT";"13";"I";"4676,29676";"7";;;;
"GRDF";"2018";"G";"24";"ENT";"10";"I";"225050,3234";"45";;;;
"GRDF";"2018";"G";"24";"ENT";"68";"T";"119399,9689";"188";;;;
"GRDF";"2018";"G";"24";"ENT";"21";"I";"131777,47532";"12";;;;
"GRDF";"2018";"G";"24";"ENT";"96";"T";"33631,32773";"15";;;;
"GRDF";"2018";"G";"24";"ENT";"41";"I";"3665,40389";"8";;;;
"GRDF";"2018";"G";"24";"ENT";"14";"I";"1860,12452";"3";;;;
"GRDF";"2018";"G";"24";"ENT";"08";"I";"11730,25";"1";;;;
"GRDF";"2018";"G";"24";"ENT";"88";"T";"25448,34948";"43";;;;
"GRDF";"2018";"G";"24";"ENT";"73";"T";"578,10799";"2";;;;
"GRDF";"2018";"G";"24";"ENT";"86";"T";"106416,80375";"75";;;;
"GRDF";"2018";"G";"24";"ENT";"32";"I";"5459,02866";"4";;;;
"GRDF";"2018";"G";"24";"ENT";"69";"T";"523,5652";"1";;;;
"GRDF";"2018";"G";"24";"ENT";"15";"I";"7185,18187";"6";;;;
"GRDF";"2018";"G";"24";"ENT";"87";"T";"67556,2942";"104";;;;
"GRDF";"2018";"G";"24";"ENT";"72";"T";"52096,6308";"7";;;;
"GRDF";"2018";"G";"24";"ENT";"43";"I";"65458,71553";"76";;;;
"GRDF";"2018";"G";"24";"ENT";"27";"I";"27138,76838";"22";;;;
"GRDF";"2018";"G";"24";"ENT";"94";"T";"22193,75219";"42";;;;
"GRDF";"2018";"G";"24";"ENT";"36";"T";"2993,84197";"2";;;;
"GRDF";"2018";"G";"24";"ENT";"77";"T";"1017,5138";"4";;;;
"GRDF";"2018";"G";"24";"ENT";"30";"I";"46433,14109";"15";;;;
"GRDF";"2018";"G";"24";"ENT";"18";"I";"63039,64311";"21";;;;
"GRDF";"2018";"G";"24";"ENT";"28";"I";"72929,35405";"42";;;;
"GRDF";"2018";"G";"24";"ENT";"49";"T";"36324,04343";"35";;;;
"GRDF";"2018";"G";"24";"ENT";"93";"T";"5428,5832";"7";;;;
"GRDF";"2018";"G";"24";"ENT";"90";"T";"4640,71229";"4";;;;
"GRDF";"2018";"G";"24";"ENT";"52";"T";"38739,61513";"34";;;;
"GRDF";"2018";"G";"24";"ENT";"70";"T";"125359,61258";"74";;;;
"GRDF";"2018";"G";"24";"ENT";"22";"I";"168520,08952";"117";;;;
"GRDF";"2018";"G";"24";"ENT";"45";"T";"32120,042";"72";;;;
"GRDF";"2018";"G";"24";"ENT";"23";"I";"180044,03745";"30";;;;
"GRDF";"2018";"G";"24";"ENT";"01";"A";"88070,9766";"70";;;;
"GRDF";"2018";"G";"24";"ENT";"33";"T";"4505,81896";"8";;;;
"GRDF";"2018";"G";"24";"ENT";"81";"T";"5709,55222";"12";;;;
"GRDF";"2018";"G";"24";"ENT";"66";"T";"3152,83776";"4";;;;
"GRDF";"2018";"G";"24";"ENT";"74";"T";"1342,33653";"1";;;;
"GRDF";"2018";"G";"24";"ENT";"26";"I";"37697,30768";"13";;;;
"GRDF";"2018";"G";"24";"ENT";"91";"T";"4827,43591";"5";;;;
"GRDF";"2018";"G";"24";"ENT";"46";"T";"145797,95336";"112";;;;
"GRDF";"2018";"G";"24";"ENT";"84";"T";"509763,09583";"670";;;;
"GRDF";"2018";"G";"24";"ENT";"47";"T";"71206,75999";"107";;;;
"GRDF";"2018";"G";"24";"ENT";"82";"T";"7178,45317";"13";;;;
"GRDF";"2018";"G";"24";"ENT";"35";"I";"20467,43563";"21";;;;
"GRDF";"2018";"G";"24";"ENT";"71";"T";"3090,39764";"5";;;;
"GRDF";"2018";"G";"24";"ENT";"59";"T";"564,21615";"1";;;;
"GRDF";"2018";"G";"24";"ENT";;"X";"2527,56512";"111";;;;
"GRDF";"2018";"G";"24";"ENT";"58";"T";"1594,21923";"1";;;;
"GRDF";"2018";"G";"24";"ENT";"29";"I";"11502,64049";"17";;;;
"GRDF";"2018";"G";"24";"ENT";"17";"I";"73626,02135";"14";;;;
"GRDF";"2018";"G";"24";"ENT";"12";"I";"1680,54964";"1";;;;
"GRDF";"2018";"G";"24";"ENT";"38";"T";"2570,56756";"4";;;;
"GRDF";"2018";"G";"24";"ENT";"64";"T";"46429,11245";"39";;;;
"GRDF";"2018";"G";"24";"ENT";"25";"I";"93334,35182";"84";;;;
"GRDF";"2018";"G";"24";"ENT";"16";"I";"9056,11486";"7";;;;
"GRT Gaz";"2018";"G";"24";"ENT";"10";"I";"1453487,401888";"7";;;;" 0"
"GRT Gaz";"2018";"G";"24";"ENT";"11";"I";"95552,430551";"2";;;;" 0"
"GRT Gaz";"2018";"G";"24";"ENT";"16";"I";"306826,298088";"2";;;;" 0"
"GRT Gaz";"2018";"G";"24";"ENT";"17";"I";"1346037,922207";"9";;;;" 0"
"GRT Gaz";"2018";"G";"24";"ENT";"22";"I";"66101,249171";"2";;;;" 0"
"GRT Gaz";"2018";"G";"24";"ENT";"23";"I";"215175,058838";"9";;;;" 0"
"GRT Gaz";"2018";"G";"24";"ENT";"24";"I";"80842,261104";"1";;;;" 0"
"GRT Gaz";"2018";"G";"24";"ENT";"25";"I";"3014,687166";"2";;;;" 0"
"GRT Gaz";"2018";"G";"24";"ENT";"30";"I";"10240,788201";"1";;;;" 0"
"GRT Gaz";"2018";"G";"24";"ENT";"35";"I";"236547,189815";"5";;;;" 0"
"GRT Gaz";"2018";"G";"24";"ENT";"42";"I";"9680,69439";"1";;;;" 0"
"GRT Gaz";"2018";"G";"24";"ENT";"46";"T";"2780,415583";"3";;;;" 0"
"GRT Gaz";"2018";"G";"24";"ENT";"72";"T";"33724,393528";"2";;;;" 0"
"GRT Gaz";"2018";"G";"24";"ENT";"84";"T";"5444,813267";"1";;;;" 0"
"Sorégies";"2018";"G";"24";"ENT_PRO";;"I";"3038";"2";"0";;;" 2"
"Sorégies";"2018";"G";"24";"RES";;"R";"7940";"894";"0";;;"27"
"Sorégies";"2018";"G";"24";"ENT_PRO";;"T";"4667";"96";"0";;;" 0"
"GRDF";"2018";"G";"27";"PRO";;"T";"1259015,40366";"23597";;;;
"GRDF";"2018";"G";"27";"ENT";;"A";"1149,01536";"5";;;;
"GRDF";"2018";"G";"27";"RES";;"R";"7213935,95937";"481064";;;;
"GRDF";"2018";"G";"27";"ENT";;"X";"15862,97346";"156";;;;
"GRDF";"2018";"G";"27";"PRO";;"I";"141829,33301";"2354";;;;
"GRDF";"2018";"G";"27";"ENT";;"I";"1509476,55807";"149";;;;
"GRDF";"2018";"G";"27";"ENT";"65";"T";"6586,45071";"12";;;;
"GRDF";"2018";"G";"27";"ENT";"85";"T";"233871,51696";"322";;;;
"GRDF";"2018";"G";"27";"ENT";"42";"I";"5136,82476";"2";;;;
"GRDF";"2018";"G";"27";"ENT";"24";"I";"69947,0256";"15";;;;
"GRDF";"2018";"G";"27";"ENT";"56";"T";"9162,7111";"31";;;;
"GRDF";"2018";"G";"27";"ENT";"20";"I";"30846,82199";"12";;;;
"GRDF";"2018";"G";"27";"ENT";"29";"I";"82954,31314";"27";;;;
"GRDF";"2018";"G";"27";"ENT";"61";"T";"2786,30431";"7";;;;
"GRDF";"2018";"G";"27";"ENT";"31";"I";"43070,01219";"23";;;;
"GRDF";"2018";"G";"27";"ENT";"11";"I";"12050,76363";"9";;;;
"GRDF";"2018";"G";"27";"ENT";"13";"I";"10040,94255";"7";;;;
"GRDF";"2018";"G";"27";"ENT";"10";"I";"237373,02592";"84";;;;
"GRDF";"2018";"G";"27";"ENT";"68";"T";"407722,80862";"566";;;;
"GRDF";"2018";"G";"27";"ENT";"19";"I";"3655,34143";"2";;;;
"GRDF";"2018";"G";"27";"ENT";"41";"I";"2735,54752";"7";;;;
"GRDF";"2018";"G";"27";"ENT";"08";"I";"8131,699";"1";;;;
"GRDF";"2018";"G";"27";"ENT";"88";"T";"61430,49183";"83";;;;
"GRDF";"2018";"G";"27";"ENT";"73";"T";"269,84138";"2";;;;
"GRDF";"2018";"G";"27";"ENT";"86";"T";"208532,87921";"115";;;;
"GRDF";"2018";"G";"27";"ENT";"32";"I";"7672,99557";"9";;;;
"GRDF";"2018";"G";"27";"ENT";"15";"I";"433,96688";"1";;;;
"GRDF";"2018";"G";"27";"ENT";"87";"T";"108755,20124";"171";;;;
"GRDF";"2018";"G";"27";"ENT";"27";"I";"27729,56239";"15";;;;
"GRDF";"2018";"G";"27";"ENT";"02";"A";"800,0083";"1";;;;
"GRDF";"2018";"G";"27";"ENT";"94";"T";"29956,41988";"59";;;;
"GRDF";"2018";"G";"27";"ENT";"30";"I";"4991,85976";"5";;;;
"GRDF";"2018";"G";"27";"ENT";"55";"T";"44048,79516";"97";;;;
"GRDF";"2018";"G";"27";"ENT";"53";"T";"210,60296";"1";;;;
"GRDF";"2018";"G";"27";"ENT";"36";"T";"2543,61629";"3";;;;
"GRDF";"2018";"G";"27";"ENT";"18";"I";"7183,90672";"14";;;;
"GRDF";"2018";"G";"27";"ENT";"28";"I";"79777,93329";"48";;;;
"GRDF";"2018";"G";"27";"ENT";"90";"T";"3676,22414";"7";;;;
"GRDF";"2018";"G";"27";"ENT";"52";"T";"17105,82756";"23";;;;
"GRDF";"2018";"G";"27";"ENT";"70";"T";"108926,27661";"114";;;;
"GRDF";"2018";"G";"27";"ENT";"22";"I";"217759,7747";"113";;;;
"GRDF";"2018";"G";"27";"ENT";"45";"T";"30523,32827";"85";;;;
"GRDF";"2018";"G";"27";"ENT";"23";"I";"104645,63626";"26";;;;
"GRDF";"2018";"G";"27";"ENT";"01";"A";"18381,96589";"36";;;;
"GRDF";"2018";"G";"27";"ENT";"33";"T";"7483,42931";"16";;;;
"GRDF";"2018";"G";"27";"ENT";"66";"T";"3757,48744";"3";;;;
"GRDF";"2018";"G";"27";"ENT";"74";"T";"7324,14102";"8";;;;
"GRDF";"2018";"G";"27";"ENT";"26";"I";"11389,0127";"16";;;;
"GRDF";"2018";"G";"27";"ENT";"91";"T";"3343,06291";"4";;;;
"GRDF";"2018";"G";"27";"ENT";"38";"T";"282408,90939";"10";;;;
"GRDF";"2018";"G";"27";"ENT";"46";"T";"221048,34579";"125";;;;
"GRDF";"2018";"G";"27";"ENT";"84";"T";"378313,60985";"676";;;;
"GRDF";"2018";"G";"27";"ENT";"47";"T";"76656,86457";"107";;;;
"GRDF";"2018";"G";"27";"ENT";"64";"T";"45879,58886";"47";;;;
"GRDF";"2018";"G";"27";"ENT";"82";"T";"21804,15324";"15";;;;
"GRDF";"2018";"G";"27";"ENT";"35";"I";"21198,96946";"25";;;;
"GRDF";"2018";"G";"27";"ENT";"25";"I";"217411,06347";"152";;;;
"GRDF";"2018";"G";"27";"ENT";"79";"T";"349,48536";"2";;;;
"GRDF";"2018";"G";"27";"ENT";"59";"T";"2561,42377";"6";;;;
"GRDF";"2018";"G";"27";"ENT";"16";"I";"14100,80765";"13";;;;
"GRDF";"2018";"G";"27";"ENT";;"T";"617866,38705";"363";;;;
"GRDF";"2018";"G";"27";"PRO";;"A";"30255,57248";"657";;;;
"GRDF";"2018";"G";"27";"ENT";"58";"T";"2642,98115";"4";;;;
"GRDF";"2018";"G";"27";"ENT";"21";"I";"32256,02185";"10";;;;
"GRDF";"2018";"G";"27";"ENT";"96";"T";"25380,92667";"20";;;;
"GRDF";"2018";"G";"27";"ENT";"14";"I";"21706,0778";"8";;;;
"GRDF";"2018";"G";"27";"ENT";"17";"I";"68894,79329";"9";;;;
"GRDF";"2018";"G";"27";"ENT";"69";"T";"3066,97424";"6";;;;
"GRDF";"2018";"G";"27";"ENT";"72";"T";"4211,84416";"3";;;;
"GRDF";"2018";"G";"27";"ENT";"43";"I";"61294,59877";"21";;;;
"GRDF";"2018";"G";"27";"ENT";"77";"T";"2376,5916";"8";;;;
"GRDF";"2018";"G";"27";"ENT";"49";"T";"46330,03494";"39";;;;
"GRDF";"2018";"G";"27";"ENT";"93";"T";"6509,59883";"11";;;;
"GRDF";"2018";"G";"27";"ENT";"62";"T";"825,47489";"2";;;;
"GRDF";"2018";"G";"27";"ENT";"81";"T";"39556,19027";"62";;;;
"GRDF";"2018";"G";"27";"ENT";"71";"T";"3265,9253";"6";;;;
"GRT Gaz";"2018";"G";"27";"ENT";"10";"I";"240507,57407";"4";;;;" 0"
"GRT Gaz";"2018";"G";"27";"ENT";"11";"I";"62121,262985";"1";;;;" 0"
"GRT Gaz";"2018";"G";"27";"ENT";"16";"I";"66929,025026";"3";;;;" 0"
"GRT Gaz";"2018";"G";"27";"ENT";"17";"I";"11461,090295";"1";;;;" 0"
"GRT Gaz";"2018";"G";"27";"ENT";"20";"I";"1950877,68106";"2";;;;" 0"
"GRT Gaz";"2018";"G";"27";"ENT";"22";"I";"68515,96994";"1";;;;" 0"
"GRT Gaz";"2018";"G";"27";"ENT";"23";"I";"434203,137499";"13";;;;" 0"
"GRT Gaz";"2018";"G";"27";"ENT";"24";"I";"994172,992848";"12";;;;" 0"
"GRT Gaz";"2018";"G";"27";"ENT";"25";"I";"112410,743811";"3";;;;" 0"
"GRT Gaz";"2018";"G";"27";"ENT";"28";"I";"51381,605251";"4";;;;" 0"
"GRT Gaz";"2018";"G";"27";"ENT";"29";"I";"271810,34018";"4";;;;" 0"
"GRT Gaz";"2018";"G";"27";"ENT";"35";"I";"375894,203157";"4";;;;" 0"
"GRT Gaz";"2018";"G";"27";"ENT";"46";"T";"2413,650165";"2";;;;" 0"
"GRT Gaz";"2018";"G";"27";"ENT";"68";"T";"19138,102083";"1";;;;" 0"
"Antargaz-Finagaz";"2018";"G";"28";"RES";;"R";"11029";"186";"0";;;" 1"
"Gedia";"2018";"G";"28";"ENT_PRO";;"I";"759,495";"1";"0,95";;;" 0"
"Gedia";"2018";"G";"28";"RES";;"R";"6117,057";"304";"0,95";;;" 1"
"Gedia";"2018";"G";"28";"ENT_PRO";;"X";"s";"s";"0,95";;;" 1"
"GRDF";"2018";"G";"28";"ENT";;"A";"1471,12696";"6";;;;
"GRDF";"2018";"G";"28";"ENT";;"X";"7760,65264";"179";;;;
"GRDF";"2018";"G";"28";"ENT";;"T";"776797,09703";"502";;;;
"GRDF";"2018";"G";"28";"PRO";;"T";"1101233,77906";"20490";;;;
"GRDF";"2018";"G";"28";"PRO";;"I";"128001,44771";"2122";;;;
"GRDF";"2018";"G";"28";"RES";;"R";"8149149,55263";"507634";;;;
"GRDF";"2018";"G";"28";"PRO";;"A";"6490,99812";"110";;;;
"GRDF";"2018";"G";"28";"ENT";"65";"T";"11999,72073";"15";;;;
"GRDF";"2018";"G";"28";"ENT";"85";"T";"136383,81541";"197";;;;
"GRDF";"2018";"G";"28";"ENT";"42";"I";"647,15212";"2";;;;
"GRDF";"2018";"G";"28";"ENT";"55";"T";"88002,32003";"85";;;;
"GRDF";"2018";"G";"28";"ENT";"24";"I";"122270,44323";"13";;;;
"GRDF";"2018";"G";"28";"ENT";"56";"T";"5483,9043";"23";;;;
"GRDF";"2018";"G";"28";"ENT";"20";"I";"241392,48446";"31";;;;
"GRDF";"2018";"G";"28";"ENT";"50";"T";"1393,111";"2";;;;
"GRDF";"2018";"G";"28";"ENT";"29";"I";"53123,31583";"26";;;;
"GRDF";"2018";"G";"28";"ENT";"61";"T";"5393,9702";"15";;;;
"GRDF";"2018";"G";"28";"ENT";"31";"I";"2381,00744";"5";;;;
"GRDF";"2018";"G";"28";"ENT";"63";"T";"167,86047";"1";;;;
"GRDF";"2018";"G";"28";"ENT";"13";"I";"7754,14511";"6";;;;
"GRDF";"2018";"G";"28";"ENT";"10";"I";"903026,89976";"84";;;;
"GRDF";"2018";"G";"28";"ENT";"68";"T";"208436,8551";"276";;;;
"GRDF";"2018";"G";"28";"ENT";"19";"I";"25195,41597";"2";;;;
"GRDF";"2018";"G";"28";"ENT";"41";"I";"7727,21869";"11";;;;
"GRDF";"2018";"G";"28";"ENT";"88";"T";"39917,33218";"58";;;;
"GRDF";"2018";"G";"28";"ENT";"17";"I";"84103,3209";"14";;;;
"GRDF";"2018";"G";"28";"ENT";"86";"T";"224500,66548";"82";;;;
"GRDF";"2018";"G";"28";"ENT";"32";"I";"7786,82561";"7";;;;
"GRDF";"2018";"G";"28";"ENT";"15";"I";"1836,54727";"1";;;;
"GRDF";"2018";"G";"28";"ENT";"87";"T";"86417,51333";"143";;;;
"GRDF";"2018";"G";"28";"ENT";"72";"T";"4494,85612";"5";;;;
"GRDF";"2018";"G";"28";"ENT";"43";"I";"12674,5314";"19";;;;
"GRDF";"2018";"G";"28";"ENT";"37";"T";"8062,704";"1";;;;
"GRDF";"2018";"G";"28";"ENT";"27";"I";"41286,1287";"14";;;;
"GRDF";"2018";"G";"28";"ENT";"12";"I";"21838,473";"1";;;;
"GRDF";"2018";"G";"28";"ENT";"94";"T";"29429,09134";"52";;;;
"GRDF";"2018";"G";"28";"ENT";"92";"T";"290,19105";"1";;;;
"GRDF";"2018";"G";"28";"ENT";"30";"I";"41479,55513";"7";;;;
"GRDF";"2018";"G";"28";"ENT";;"I";"2391514,81575";"178";;;;
"GRDF";"2018";"G";"28";"ENT";"51";"T";"629,534";"1";;;;
"GRDF";"2018";"G";"28";"ENT";"21";"I";"113423,46057";"17";;;;
"GRDF";"2018";"G";"28";"ENT";"08";"I";"10459,921";"1";;;;
"GRDF";"2018";"G";"28";"ENT";"77";"T";"4385,85362";"2";;;;
"GRDF";"2018";"G";"28";"ENT";"28";"I";"46522,07962";"31";;;;
"GRDF";"2018";"G";"28";"ENT";"49";"T";"41334,50279";"24";;;;
"GRDF";"2018";"G";"28";"ENT";"93";"T";"12212,72811";"19";;;;
"GRDF";"2018";"G";"28";"ENT";"90";"T";"3086,54067";"5";;;;
"GRDF";"2018";"G";"28";"ENT";"70";"T";"76909,12472";"88";;;;
"GRDF";"2018";"G";"28";"ENT";"22";"I";"183656,64594";"92";;;;
"GRDF";"2018";"G";"28";"ENT";"45";"T";"26343,71269";"67";;;;
"GRDF";"2018";"G";"28";"ENT";"23";"I";"470727,66856";"25";;;;
"GRDF";"2018";"G";"28";"ENT";"01";"A";"17361,55584";"25";;;;
"GRDF";"2018";"G";"28";"ENT";"33";"T";"5116,21156";"10";;;;
"GRDF";"2018";"G";"28";"ENT";"81";"T";"42024,47185";"22";;;;
"GRDF";"2018";"G";"28";"ENT";"66";"T";"1035,82577";"2";;;;
"GRDF";"2018";"G";"28";"ENT";"99";"T";"130,06084";"1";;;;
"GRDF";"2018";"G";"28";"ENT";"26";"I";"22576,91364";"11";;;;
"GRDF";"2018";"G";"28";"ENT";"91";"T";"249,42648";"1";;;;
"GRDF";"2018";"G";"28";"ENT";"84";"T";"293513,65501";"408";;;;
"GRDF";"2018";"G";"28";"ENT";"47";"T";"83637,69913";"143";;;;
"GRDF";"2018";"G";"28";"ENT";"64";"T";"183315,03212";"88";;;;
"GRDF";"2018";"G";"28";"ENT";"82";"T";"24173,96582";"23";;;;
"GRDF";"2018";"G";"28";"ENT";"35";"I";"79556,92156";"13";;;;
"GRDF";"2018";"G";"28";"ENT";"25";"I";"130261,11211";"67";;;;
"GRDF";"2018";"G";"28";"ENT";"71";"T";"11795,62221";"8";;;;
"GRDF";"2018";"G";"28";"ENT";"79";"T";"2823,37039";"5";;;;
"GRDF";"2018";"G";"28";"ENT";"59";"T";"446,39444";"1";;;;
"GRDF";"2018";"G";"28";"ENT";"16";"I";"66621,71335";"7";;;;
"GRDF";"2018";"G";"28";"ENT";"58";"T";"13529,08518";"4";;;;
"GRDF";"2018";"G";"28";"ENT";"11";"I";"69263,81262";"7";;;;
"GRDF";"2018";"G";"28";"ENT";"96";"T";"22429,15629";"20";;;;
"GRDF";"2018";"G";"28";"ENT";"14";"I";"2610,34912";"3";;;;
"GRDF";"2018";"G";"28";"ENT";"69";"T";"845,03734";"2";;;;
"GRDF";"2018";"G";"28";"ENT";"36";"T";"1914,35688";"2";;;;
"GRDF";"2018";"G";"28";"ENT";"18";"I";"26486,66133";"12";;;;
"GRDF";"2018";"G";"28";"ENT";"52";"T";"42408,64861";"28";;;;
"GRDF";"2018";"G";"28";"ENT";"39";"T";"668,56488";"1";;;;
"GRDF";"2018";"G";"28";"ENT";"62";"T";"5189,98612";"7";;;;
"GRDF";"2018";"G";"28";"ENT";"38";"T";"52850,23524";"5";;;;
"GRDF";"2018";"G";"28";"ENT";"46";"T";"160493,8519";"74";;;;
"GRT Gaz";"2018";"G";"28";"ENT";"08";"I";"22114,823399";"1";;;;" 0"
"GRT Gaz";"2018";"G";"28";"ENT";"10";"I";"1043576,761837";"10";;;;" 0"
"GRT Gaz";"2018";"G";"28";"ENT";"17";"I";"385379,190825";"5";;;;" 0"
"GRT Gaz";"2018";"G";"28";"ENT";"19";"I";"5376751,547908";"4";;;;" 0"
"GRT Gaz";"2018";"G";"28";"ENT";"20";"I";"10428473,62101";"12";;;;" 0"
"GRT Gaz";"2018";"G";"28";"ENT";"23";"I";"620992,050358";"4";;;;" 0"
"GRT Gaz";"2018";"G";"28";"ENT";"24";"I";"24931,129784";"1";;;;" 0"
"GRT Gaz";"2018";"G";"28";"ENT";"29";"I";"348112,463248";"5";;;;" 0"
"GRT Gaz";"2018";"G";"28";"ENT";"35";"I";"4715496,737067";"5";;;;" 0"
"GRT Gaz";"2018";"G";"28";"ENT";"38";"T";"198988,112038";"2";;;;" 0"
"GRT Gaz";"2018";"G";"28";"ENT";"71";"T";"7136444,60694";"3";;;;" 0"
"GRT Gaz";"2018";"G";"28";"ENT";"72";"T";"16489,44893";"1";;;;" 0"
"Gazelec de Péronne";"2018";"G";"32";"ENT_PRO";;"I";"2404";"6";"0";;;" 0"
"Gazelec de Péronne";"2018";"G";"32";"RES";;"R";"23170";"1931";"0";;;" 0"
"Gazelec de Péronne";"2018";"G";"32";"ENT_PRO";;"T";"35236";"109";"0";;;" 0"
"Gazelec de Péronne";"2018";"G";"32";"ENT_PRO";;"X";"4541";"202";"0";;;" 0"
"GRDF";"2018";"G";"32";"PRO";;"I";"253648,66586";"3962";;;;
"GRDF";"2018";"G";"32";"ENT";;"T";"1198170,24655";"724";;;;
"GRDF";"2018";"G";"32";"PRO";;"T";"2138421,86859";"41030";;;;
"GRDF";"2018";"G";"32";"ENT";;"A";"4892,5852";"8";;;;
"GRDF";"2018";"G";"32";"ENT";;"X";"34844,29529";"478";;;;
"GRDF";"2018";"G";"32";"PRO";;"A";"25305,33669";"681";;;;
"GRDF";"2018";"G";"32";"ENT";"58";"T";"823,94312";"2";;;;
"GRDF";"2018";"G";"32";"ENT";"65";"T";"4919,07433";"8";;;;
"GRDF";"2018";"G";"32";"ENT";"42";"I";"28562,27844";"9";;;;
"GRDF";"2018";"G";"32";"ENT";"55";"T";"79041,47805";"97";;;;
"GRDF";"2018";"G";"32";"ENT";"56";"T";"35670,67142";"91";;;;
"GRDF";"2018";"G";"32";"ENT";"20";"I";"589854,29643";"64";;;;
"GRDF";"2018";"G";"32";"ENT";"50";"T";"399,98575";"1";;;;
"GRDF";"2018";"G";"32";"ENT";"51";"T";"1595,65231";"1";;;;
"GRDF";"2018";"G";"32";"ENT";"29";"I";"68651,01947";"35";;;;
"GRDF";"2018";"G";"32";"ENT";"03";"A";"1247,05599";"1";;;;
"GRDF";"2018";"G";"32";"ENT";"31";"I";"26699,93786";"16";;;;
"GRDF";"2018";"G";"32";"ENT";"11";"I";"190210,07579";"21";;;;
"GRDF";"2018";"G";"32";"ENT";"13";"I";"113042,30223";"49";;;;
"GRDF";"2018";"G";"32";"ENT";"68";"T";"223873,11384";"318";;;;
"GRDF";"2018";"G";"32";"ENT";"19";"I";"7920,277";"2";;;;
"GRDF";"2018";"G";"32";"ENT";"41";"I";"7618,54105";"14";;;;
"GRDF";"2018";"G";"32";"ENT";"14";"I";"7150,71914";"12";;;;
"GRDF";"2018";"G";"32";"ENT";"08";"I";"64321,99674";"3";;;;
"GRDF";"2018";"G";"32";"ENT";"88";"T";"87377,73362";"133";;;;
"GRDF";"2018";"G";"32";"ENT";"86";"T";"292845,42098";"116";;;;
"GRDF";"2018";"G";"32";"ENT";"32";"I";"28003,60565";"23";;;;
"GRDF";"2018";"G";"32";"ENT";"69";"T";"669,05994";"2";;;;
"GRDF";"2018";"G";"32";"ENT";"87";"T";"220121,49679";"351";;;;
"GRDF";"2018";"G";"32";"ENT";"72";"T";"26434,61576";"11";;;;
"GRDF";"2018";"G";"32";"ENT";"43";"I";"128420,05379";"117";;;;
"GRDF";"2018";"G";"32";"ENT";"02";"A";"640,09996";"1";;;;
"GRDF";"2018";"G";"32";"ENT";"85";"T";"517837,37571";"664";;;;
"GRDF";"2018";"G";"32";"ENT";"61";"T";"7787,02496";"18";;;;
"GRDF";"2018";"G";"32";"ENT";"37";"T";"41246,03816";"37";;;;
"GRDF";"2018";"G";"32";"ENT";"27";"I";"99942,52232";"26";;;;
"GRDF";"2018";"G";"32";"ENT";"30";"I";"24908,25698";"6";;;;
"GRDF";"2018";"G";"32";"ENT";"18";"I";"118831,20754";"22";;;;
"GRDF";"2018";"G";"32";"ENT";"28";"I";"174222,08597";"83";;;;
"GRDF";"2018";"G";"32";"ENT";"49";"T";"207753,54088";"64";;;;
"GRDF";"2018";"G";"32";"ENT";"93";"T";"16816,50792";"18";;;;
"GRDF";"2018";"G";"32";"ENT";"52";"T";"63359,41317";"70";;;;
"GRDF";"2018";"G";"32";"ENT";"45";"T";"80000,2341";"140";;;;
"GRDF";"2018";"G";"32";"ENT";"23";"I";"272464,67429";"40";;;;
"GRDF";"2018";"G";"32";"ENT";"01";"A";"73460,47507";"55";;;;
"GRDF";"2018";"G";"32";"ENT";"33";"T";"11011,73447";"19";;;;
"GRDF";"2018";"G";"32";"ENT";"81";"T";"41257,05653";"28";;;;
"GRDF";"2018";"G";"32";"ENT";"66";"T";"8193,70564";"8";;;;
"GRDF";"2018";"G";"32";"ENT";"26";"I";"8660,06964";"9";;;;
"GRDF";"2018";"G";"32";"ENT";"91";"T";"8346,80841";"9";;;;
"GRDF";"2018";"G";"32";"ENT";"38";"T";"136538,67034";"22";;;;
"GRDF";"2018";"G";"32";"ENT";"46";"T";"288634,35741";"194";;;;
"GRDF";"2018";"G";"32";"ENT";"84";"T";"564488,99791";"824";;;;
"GRDF";"2018";"G";"32";"ENT";"47";"T";"228789,51922";"278";;;;
"GRDF";"2018";"G";"32";"ENT";"82";"T";"36559,69614";"45";;;;
"GRDF";"2018";"G";"32";"ENT";"35";"I";"43827,304";"18";;;;
"GRDF";"2018";"G";"32";"ENT";"71";"T";"14895,67703";"14";;;;
"GRDF";"2018";"G";"32";"ENT";"59";"T";"1211,48453";"2";;;;
"GRDF";"2018";"G";"32";"ENT";"16";"I";"9442,69424";"8";;;;
"GRDF";"2018";"G";"32";"ENT";;"I";"3094143,37239";"270";;;;
"GRDF";"2018";"G";"32";"RES";;"R";"21710770,85939";"1376401";;;;
"GRDF";"2018";"G";"32";"ENT";"24";"I";"131226,17026";"44";;;;
"GRDF";"2018";"G";"32";"ENT";"10";"I";"1200264,76502";"141";;;;
"GRDF";"2018";"G";"32";"ENT";"21";"I";"100269,75223";"13";;;;
"GRDF";"2018";"G";"32";"ENT";"96";"T";"27685,2747";"21";;;;
"GRDF";"2018";"G";"32";"ENT";"17";"I";"129536,10172";"37";;;;
"GRDF";"2018";"G";"32";"ENT";"73";"T";"96,37019";"2";;;;
"GRDF";"2018";"G";"32";"ENT";"77";"T";"3500,50271";"9";;;;
"GRDF";"2018";"G";"32";"ENT";"94";"T";"54951,65262";"105";;;;
"GRDF";"2018";"G";"32";"ENT";"36";"T";"26339,92965";"12";;;;
"GRDF";"2018";"G";"32";"ENT";"90";"T";"1839,21142";"4";;;;
"GRDF";"2018";"G";"32";"ENT";"70";"T";"190997,87082";"182";;;;
"GRDF";"2018";"G";"32";"ENT";"22";"I";"260072,40125";"150";;;;
"GRDF";"2018";"G";"32";"ENT";"62";"T";"2630,29823";"5";;;;
"GRDF";"2018";"G";"32";"ENT";"74";"T";"295,84347";"1";;;;
"GRDF";"2018";"G";"32";"ENT";"64";"T";"154005,87501";"86";;;;
"GRDF";"2018";"G";"32";"ENT";"25";"I";"266006,67441";"140";;;;
"GRT Gaz";"2018";"G";"32";"ENT";"08";"I";"6771,513288";"2";;;;" 0"
"GRT Gaz";"2018";"G";"32";"ENT";"10";"I";"8870689,106249";"27";;;;" 0"
"GRT Gaz";"2018";"G";"32";"ENT";"11";"I";"179113,559648";"2";;;;" 0"
"GRT Gaz";"2018";"G";"32";"ENT";"13";"I";"151603,997144";"2";;;;" 0"
"GRT Gaz";"2018";"G";"32";"ENT";"17";"I";"1526097,792498";"8";;;;" 0"
"GRT Gaz";"2018";"G";"32";"ENT";"20";"I";"1031561,276158";"21";;;;" 0"
"GRT Gaz";"2018";"G";"32";"ENT";"21";"I";"82183,756132";"1";;;;" 0"
"GRT Gaz";"2018";"G";"32";"ENT";"22";"I";"166675,108553";"3";;;;" 0"
"GRT Gaz";"2018";"G";"32";"ENT";"23";"I";"4723244,523673";"25";;;;" 0"
"GRT Gaz";"2018";"G";"32";"ENT";"24";"I";"2860344,669585";"14";;;;" 0"
"GRT Gaz";"2018";"G";"32";"ENT";"25";"I";"175857,373252";"3";;;;" 0"
"GRT Gaz";"2018";"G";"32";"ENT";"27";"I";"273566,568052";"4";;;;" 0"
"GRT Gaz";"2018";"G";"32";"ENT";"29";"I";"534216,251707";"9";;;;" 0"
"GRT Gaz";"2018";"G";"32";"ENT";"30";"I";"27410,872892";"1";;;;" 0"
"GRT Gaz";"2018";"G";"32";"ENT";"35";"I";"11909877,064689";"17";;;;" 0"
"GRT Gaz";"2018";"G";"32";"ENT";"38";"T";"3342,622025";"1";;;;" 0"
"GRT Gaz";"2018";"G";"32";"ENT";"45";"T";"184637,570546";"1";;;;" 0"
"GRT Gaz";"2018";"G";"32";"ENT";"46";"T";"3476,521437";"3";;;;" 0"
"GRT Gaz";"2018";"G";"32";"ENT";"49";"T";"59256,488696";"1";;;;" 0"
"GRT Gaz";"2018";"G";"32";"ENT";"52";"T";"580287,468195";"5";;;;" 0"
"GRT Gaz";"2018";"G";"32";"ENT";"55";"T";"376214,472602";"2";;;;" 0"
"GRT Gaz";"2018";"G";"32";"ENT";"72";"T";"5050,01848";"1";;;;" 0"
"GRT Gaz";"2018";"G";"32";"ENT";"82";"T";"186216,393024";"1";;;;" 0"
"GRT Gaz";"2018";"G";"32";"ENT";"86";"T";"14853,617844";"3";;;;" 0"
"SICAE de la Somme et du Cambraisis";"2018";"G";"32";"ENT_PRO";;"I";"326140";"1";"0";;;" 0"
"SICAE de la Somme et du Cambraisis";"2018";"G";"32";"RES";;"R";"5135";"269";"0";;;" 0"
"Antargaz-Finagaz";"2018";"G";"44";"RES";;"R";"1670";"48";"0";;;" 0"
"Caléo";"2018";"G";"44";"ENT_PRO";;"A";"607";"27";"0";;;" 4"
"Caléo";"2018";"G";"44";"ENT_PRO";;"I";"102223";"88";"0";;;" 2"
"Caléo";"2018";"G";"44";"RES";;"R";"127801";"10835";"0";;;" 0"
"Caléo";"2018";"G";"44";"ENT_PRO";;"T";"65700";"799";"0";;;" 0"
"Caléo";"2018";"G";"44";"ENT_PRO";;"X";"952";"9";"0";;;" 1"
"Energis";"2018";"G";"44";"ENT_PRO";;"A";"63";"1";"0";;;" 0"
"Energis";"2018";"G";"44";"ENT_PRO";;"I";"210828";"120";"0";;;" 0"
"Energis";"2018";"G";"44";"RES";;"R";"73870";"5471";"0";;;" 0"
"Energis";"2018";"G";"44";"ENT_PRO";;"T";"41807";"523";"0";;;" 0"
"Energis";"2018";"G";"44";"ENT_PRO";;"X";"4039";"10";"0";;;" 0"
"GRDF";"2018";"G";"44";"PRO";;"I";"251117,83891";"3905";;;;
"GRDF";"2018";"G";"44";"ENT";;"X";"36482,60352";"279";;;;
"GRDF";"2018";"G";"44";"RES";;"R";"15395896,73401";"945693";;;;
"GRDF";"2018";"G";"44";"PRO";;"T";"1835334,57357";"34710";;;;
"GRDF";"2018";"G";"44";"ENT";;"A";"72903,81952";"10";;;;
"GRDF";"2018";"G";"44";"ENT";;"I";"2159926,454";"259";;;;
"GRDF";"2018";"G";"44";"ENT";"58";"T";"2835,57487";"3";;;;
"GRDF";"2018";"G";"44";"ENT";"65";"T";"2268,09377";"4";;;;
"GRDF";"2018";"G";"44";"ENT";"85";"T";"292382,76931";"414";;;;
"GRDF";"2018";"G";"44";"ENT";"42";"I";"12693,13028";"5";;;;
"GRDF";"2018";"G";"44";"ENT";"55";"T";"103343,74145";"137";;;;
"GRDF";"2018";"G";"44";"ENT";"24";"I";"276725,28913";"32";;;;
"GRDF";"2018";"G";"44";"ENT";"61";"T";"6071,67897";"14";;;;
"GRDF";"2018";"G";"44";"ENT";"63";"T";"365,62162";"1";;;;
"GRDF";"2018";"G";"44";"ENT";"11";"I";"265547,4021";"38";;;;
"GRDF";"2018";"G";"44";"ENT";"13";"I";"203026,48384";"33";;;;
"GRDF";"2018";"G";"44";"ENT";"10";"I";"303530,8624";"98";;;;
"GRDF";"2018";"G";"44";"ENT";"68";"T";"414994,48946";"505";;;;
"GRDF";"2018";"G";"44";"ENT";"21";"I";"26173,33501";"3";;;;
"GRDF";"2018";"G";"44";"ENT";"96";"T";"31865,53024";"26";;;;
"GRDF";"2018";"G";"44";"ENT";"41";"I";"11047,21219";"17";;;;
"GRDF";"2018";"G";"44";"ENT";"14";"I";"47121,76544";"11";;;;
"GRDF";"2018";"G";"44";"ENT";"08";"I";"43537,7706";"6";;;;
"GRDF";"2018";"G";"44";"ENT";"17";"I";"262647,46878";"25";;;;
"GRDF";"2018";"G";"44";"ENT";"86";"T";"289004,11905";"123";;;;
"GRDF";"2018";"G";"44";"ENT";"53";"T";"925,14692";"3";;;;
"GRDF";"2018";"G";"44";"ENT";"32";"I";"8074,82451";"9";;;;
"GRDF";"2018";"G";"44";"ENT";"15";"I";"37577,58562";"5";;;;
"GRDF";"2018";"G";"44";"ENT";"87";"T";"201347,58783";"259";;;;
"GRDF";"2018";"G";"44";"ENT";"72";"T";"19018,88045";"10";;;;
"GRDF";"2018";"G";"44";"ENT";"43";"I";"95303,06096";"115";;;;
"GRDF";"2018";"G";"44";"ENT";"37";"T";"5424,1818";"4";;;;
"GRDF";"2018";"G";"44";"ENT";"77";"T";"7896,59049";"8";;;;
"GRDF";"2018";"G";"44";"ENT";"27";"I";"112231,53776";"19";;;;
"GRDF";"2018";"G";"44";"ENT";"02";"A";"1561,16917";"5";;;;
"GRDF";"2018";"G";"44";"ENT";"36";"T";"857,10162";"2";;;;
"GRDF";"2018";"G";"44";"ENT";"92";"T";"484,84879";"1";;;;
"GRDF";"2018";"G";"44";"ENT";"30";"I";"5487,31434";"4";;;;
"GRDF";"2018";"G";"44";"ENT";"29";"I";"120958,42716";"33";;;;
"GRDF";"2018";"G";"44";"ENT";"31";"I";"12281,97929";"10";;;;
"GRDF";"2018";"G";"44";"ENT";"88";"T";"54207,42772";"83";;;;
"GRDF";"2018";"G";"44";"ENT";"18";"I";"34047,91877";"15";;;;
"GRDF";"2018";"G";"44";"ENT";"28";"I";"146777,57624";"75";;;;
"GRDF";"2018";"G";"44";"ENT";"49";"T";"46526,48639";"55";;;;
"GRDF";"2018";"G";"44";"ENT";"93";"T";"12926,88193";"17";;;;
"GRDF";"2018";"G";"44";"ENT";"90";"T";"8626,79227";"9";;;;
"GRDF";"2018";"G";"44";"ENT";"52";"T";"17594,51249";"26";;;;
"GRDF";"2018";"G";"44";"ENT";"70";"T";"152183,61188";"102";;;;
"GRDF";"2018";"G";"44";"ENT";"22";"I";"307887,05414";"169";;;;
"GRDF";"2018";"G";"44";"ENT";"45";"T";"65641,19675";"119";;;;
"GRDF";"2018";"G";"44";"ENT";"23";"I";"179695,68825";"24";;;;
"GRDF";"2018";"G";"44";"ENT";"62";"T";"1083,45784";"1";;;;
"GRDF";"2018";"G";"44";"ENT";"33";"T";"19785,8888";"26";;;;
"GRDF";"2018";"G";"44";"ENT";"66";"T";"10461,45082";"18";;;;
"GRDF";"2018";"G";"44";"ENT";"74";"T";"2183,22279";"3";;;;
"GRDF";"2018";"G";"44";"ENT";"26";"I";"9989,43367";"8";;;;
"GRDF";"2018";"G";"44";"ENT";"91";"T";"8282,03128";"9";;;;
"GRDF";"2018";"G";"44";"ENT";"38";"T";"50506,69922";"11";;;;
"GRDF";"2018";"G";"44";"ENT";"46";"T";"154067,40823";"131";;;;
"GRDF";"2018";"G";"44";"ENT";"64";"T";"137641,48352";"87";;;;
"GRDF";"2018";"G";"44";"ENT";"82";"T";"20728,37584";"19";;;;
"GRDF";"2018";"G";"44";"ENT";"25";"I";"428821,67545";"173";;;;
"GRDF";"2018";"G";"44";"ENT";"71";"T";"4097,23411";"6";;;;
"GRDF";"2018";"G";"44";"ENT";"59";"T";"1016,61193";"2";;;;
"GRDF";"2018";"G";"44";"ENT";"16";"I";"80165,55641";"18";;;;
"GRDF";"2018";"G";"44";"ENT";;"T";"1421528,16461";"956";;;;
"GRDF";"2018";"G";"44";"PRO";;"A";"30041,91854";"724";;;;
"GRDF";"2018";"G";"44";"ENT";"56";"T";"11240,63364";"33";;;;
"GRDF";"2018";"G";"44";"ENT";"20";"I";"448444,54458";"31";;;;
"GRDF";"2018";"G";"44";"ENT";"75";"T";"864,53947";"2";;;;
"GRDF";"2018";"G";"44";"ENT";"73";"T";"127,73692";"1";;;;
"GRDF";"2018";"G";"44";"ENT";"69";"T";"9487,62099";"20";;;;
"GRDF";"2018";"G";"44";"ENT";"94";"T";"31331,09471";"54";;;;
"GRDF";"2018";"G";"44";"ENT";"01";"A";"28652,18572";"43";;;;
"GRDF";"2018";"G";"44";"ENT";"81";"T";"60994,87704";"76";;;;
"GRDF";"2018";"G";"44";"ENT";"84";"T";"767139,95638";"928";;;;
"GRDF";"2018";"G";"44";"ENT";"47";"T";"124967,4069";"186";;;;
"GRDF";"2018";"G";"44";"ENT";"35";"I";"116561,10676";"30";;;;
"GRDF";"2018";"G";"44";"ENT";"79";"T";"219,29345";"1";;;;
"GRT Gaz";"2018";"G";"44";"ENT";"01";"A";"3326,009082";"1";;;;" 0"
"GRT Gaz";"2018";"G";"44";"ENT";"10";"I";"4836871,483169";"20";;;;" 0"
"GRT Gaz";"2018";"G";"44";"ENT";"11";"I";"21894,396117";"2";;;;" 0"
"GRT Gaz";"2018";"G";"44";"ENT";"13";"I";"12790,721024";"1";;;;" 0"
"GRT Gaz";"2018";"G";"44";"ENT";"16";"I";"41430,847409";"2";;;;" 0"
"GRT Gaz";"2018";"G";"44";"ENT";"17";"I";"2166935,539085";"15";;;;" 0"
"GRT Gaz";"2018";"G";"44";"ENT";"20";"I";"9256049,258451";"16";;;;" 0"
"GRT Gaz";"2018";"G";"44";"ENT";"21";"I";"95323,882489";"1";;;;" 0"
"GRT Gaz";"2018";"G";"44";"ENT";"22";"I";"173964,155799";"3";;;;" 0"
"GRT Gaz";"2018";"G";"44";"ENT";"23";"I";"2446640,409258";"22";;;;" 0"
"GRT Gaz";"2018";"G";"44";"ENT";"24";"I";"3424091,714896";"16";;;;" 0"
"GRT Gaz";"2018";"G";"44";"ENT";"25";"I";"102311,284214";"2";;;;" 0"
"GRT Gaz";"2018";"G";"44";"ENT";"27";"I";"22122,236627";"1";;;;" 0"
"GRT Gaz";"2018";"G";"44";"ENT";"28";"I";"133348,790592";"5";;;;" 0"
"GRT Gaz";"2018";"G";"44";"ENT";"29";"I";"616787,460955";"6";;;;" 0"
"GRT Gaz";"2018";"G";"44";"ENT";"35";"I";"13188784,481982";"16";;;;" 0"
"GRT Gaz";"2018";"G";"44";"ENT";"46";"T";"52587,097292";"6";;;;" 0"
"GRT Gaz";"2018";"G";"44";"ENT";"71";"T";"112231,120255";"1";;;;" 0"
"GRT Gaz";"2018";"G";"44";"ENT";"86";"T";"21093,310452";"3";;;;" 0"
"Réseau GDS";"2018";"G";"44";"ENT_PRO";;"A";"8539";"8";"0";;;" 0"
"Réseau GDS";"2018";"G";"44";"ENT_PRO";;"I";"1745017";"273";;;;" 0"
"Réseau GDS";"2018";"G";"44";"RES";;"R";"1771327";"107343";;;;" 4"
"Réseau GDS";"2018";"G";"44";"ENT_PRO";;"T";"1108300";"1281";;;;" 1"
"Réseau GDS";"2018";"G";"44";"ENT_PRO";;"X";"5582";"12";"0";;;" 1"
"Veolia eau";"2018";"G";"44";"ENT_PRO";;"I";"34926";"36";"0";;;" 1"
"Veolia eau";"2018";"G";"44";"RES";;"R";"82521";"7876";"0";;;" 0"
"Veolia eau";"2018";"G";"44";"ENT_PRO";;"T";"188138";"322";"0";;;" 0"
"Vialis SAEM";"2018";"G";"44";"ENT_PRO";;"A";"1620,737";"2";"0,95";;;" 0"
"Vialis SAEM";"2018";"G";"44";"ENT_PRO";;"I";"118220,262";"21";"0,95";;;" 0"
"Vialis SAEM";"2018";"G";"44";"RES";;"R";"427485,423";"30676";"0,95";;;" 0"
"Vialis SAEM";"2018";"G";"44";"ENT_PRO";;"T";"120157,125";"78";"0,95";;;" 0"
"Vialis SAEM";"2018";"G";"44";"ENT_PRO";;"X";"106804,883";"71";"0,95";;;" 0"
"GRDF";"2018";"G";"52";"RES";;"R";"7038440,20733";"590093";;;;
"GRDF";"2018";"G";"52";"ENT";;"T";"1413665,96997";"443";;;;
"GRDF";"2018";"G";"52";"PRO";;"T";"1101397,27493";"21463";;;;
"GRDF";"2018";"G";"52";"ENT";;"A";"276974,89121";"40";;;;
"GRDF";"2018";"G";"52";"ENT";"58";"T";"2568,97151";"4";;;;
"GRDF";"2018";"G";"52";"ENT";"85";"T";"231927,48866";"375";;;;
"GRDF";"2018";"G";"52";"ENT";"42";"I";"6781,52793";"3";;;;
"GRDF";"2018";"G";"52";"ENT";"55";"T";"33810,32781";"71";;;;
"GRDF";"2018";"G";"52";"ENT";"24";"I";"43970,05785";"19";;;;
"GRDF";"2018";"G";"52";"ENT";"56";"T";"5908,08393";"18";;;;
"GRDF";"2018";"G";"52";"ENT";"20";"I";"25701,40166";"12";;;;
"GRDF";"2018";"G";"52";"ENT";"51";"T";"394,16599";"1";;;;
"GRDF";"2018";"G";"52";"ENT";"29";"I";"149480,80378";"37";;;;
"GRDF";"2018";"G";"52";"ENT";"61";"T";"6664,00775";"13";;;;
"GRDF";"2018";"G";"52";"ENT";"80";"T";"178,7801";"1";;;;
"GRDF";"2018";"G";"52";"ENT";"11";"I";"11503,01831";"7";;;;
"GRDF";"2018";"G";"52";"ENT";"10";"I";"1142908,47606";"132";;;;
"GRDF";"2018";"G";"52";"ENT";"68";"T";"252171,63769";"363";;;;
"GRDF";"2018";"G";"52";"ENT";"14";"I";"2018,4002";"5";;;;
"GRDF";"2018";"G";"52";"ENT";"78";"T";"416,9257";"1";;;;
"GRDF";"2018";"G";"52";"ENT";"08";"I";"5197,34589";"3";;;;
"GRDF";"2018";"G";"52";"ENT";"88";"T";"38662,94983";"75";;;;
"GRDF";"2018";"G";"52";"ENT";"86";"T";"147532,02056";"86";;;;
"GRDF";"2018";"G";"52";"ENT";"32";"I";"8631,42129";"8";;;;
"GRDF";"2018";"G";"52";"ENT";"15";"I";"5528,22899";"9";;;;
"GRDF";"2018";"G";"52";"ENT";"87";"T";"118670,36449";"194";;;;
"GRDF";"2018";"G";"52";"ENT";"72";"T";"11235,86974";"11";;;;
"GRDF";"2018";"G";"52";"ENT";"43";"I";"25929,56409";"29";;;;
"GRDF";"2018";"G";"52";"ENT";"37";"T";"618,25845";"1";;;;
"GRDF";"2018";"G";"52";"ENT";"77";"T";"597,15164";"3";;;;
"GRDF";"2018";"G";"52";"ENT";"27";"I";"19286,20122";"18";;;;
"GRDF";"2018";"G";"52";"ENT";"12";"I";"10,861";"1";;;;
"GRDF";"2018";"G";"52";"ENT";"94";"T";"35672,86987";"68";;;;
"GRDF";"2018";"G";"52";"ENT";"30";"I";"95137,63701";"22";;;;
"GRDF";"2018";"G";"52";"ENT";"31";"I";"20958,92265";"19";;;;
"GRDF";"2018";"G";"52";"ENT";"21";"I";"27197,93553";"8";;;;
"GRDF";"2018";"G";"52";"ENT";"17";"I";"172882,1181";"16";;;;
"GRDF";"2018";"G";"52";"ENT";"36";"T";"3421,20729";"2";;;;
"GRDF";"2018";"G";"52";"ENT";"18";"I";"15053,55022";"9";;;;
"GRDF";"2018";"G";"52";"ENT";"28";"I";"82062,63155";"40";;;;
"GRDF";"2018";"G";"52";"ENT";"93";"T";"15463,36624";"12";;;;
"GRDF";"2018";"G";"52";"ENT";"90";"T";"1746,50865";"2";;;;
"GRDF";"2018";"G";"52";"ENT";"70";"T";"211912,22785";"89";;;;
"GRDF";"2018";"G";"52";"ENT";"23";"I";"133990,15189";"24";;;;
"GRDF";"2018";"G";"52";"ENT";"01";"A";"93449,46655";"95";;;;
"GRDF";"2018";"G";"52";"ENT";"62";"T";"357,18295";"1";;;;
"GRDF";"2018";"G";"52";"ENT";"81";"T";"16801,92299";"28";;;;
"GRDF";"2018";"G";"52";"ENT";"66";"T";"4827,95143";"8";;;;
"GRDF";"2018";"G";"52";"ENT";"26";"I";"21250,49273";"14";;;;
"GRDF";"2018";"G";"52";"ENT";"38";"T";"153784,36604";"8";;;;
"GRDF";"2018";"G";"52";"ENT";"84";"T";"427340,86095";"666";;;;
"GRDF";"2018";"G";"52";"ENT";"47";"T";"61315,75967";"121";;;;
"GRDF";"2018";"G";"52";"ENT";"64";"T";"96279,48739";"55";;;;
"GRDF";"2018";"G";"52";"ENT";"82";"T";"21462,53337";"17";;;;
"GRDF";"2018";"G";"52";"ENT";"35";"I";"15507,83096";"16";;;;
"GRDF";"2018";"G";"52";"ENT";"71";"T";"7991,73792";"7";;;;
"GRDF";"2018";"G";"52";"ENT";"79";"T";"507,10518";"1";;;;
"GRDF";"2018";"G";"52";"ENT";"59";"T";"316,62846";"1";;;;
"GRDF";"2018";"G";"52";"ENT";;"I";"1170994,65767";"153";;;;
"GRDF";"2018";"G";"52";"PRO";;"I";"154588,26853";"2484";;;;
"GRDF";"2018";"G";"52";"ENT";;"X";"10761,20271";"153";;;;
"GRDF";"2018";"G";"52";"PRO";;"A";"9663,29923";"123";;;;
"GRDF";"2018";"G";"52";"ENT";"65";"T";"8742,0573";"15";;;;
"GRDF";"2018";"G";"52";"ENT";"63";"T";"426,20435";"1";;;;
"GRDF";"2018";"G";"52";"ENT";"13";"I";"98597,82408";"11";;;;
"GRDF";"2018";"G";"52";"ENT";"96";"T";"21685,88416";"24";;;;
"GRDF";"2018";"G";"52";"ENT";"41";"I";"2386,35339";"10";;;;
"GRDF";"2018";"G";"52";"ENT";"69";"T";"154,44078";"1";;;;
"GRDF";"2018";"G";"52";"ENT";"49";"T";"87191,30788";"23";;;;
"GRDF";"2018";"G";"52";"ENT";"52";"T";"9243,1827";"15";;;;
"GRDF";"2018";"G";"52";"ENT";"22";"I";"242042,89499";"196";;;;
"GRDF";"2018";"G";"52";"ENT";"45";"T";"26845,78362";"49";;;;
"GRDF";"2018";"G";"52";"ENT";"33";"T";"4697,59791";"9";;;;
"GRDF";"2018";"G";"52";"ENT";"95";"T";"148,62369";"1";;;;
"GRDF";"2018";"G";"52";"ENT";"91";"T";"3831,63123";"6";;;;
"GRDF";"2018";"G";"52";"ENT";"46";"T";"347664,42207";"106";;;;
"GRDF";"2018";"G";"52";"ENT";"25";"I";"236336,50844";"117";;;;
"GRDF";"2018";"G";"52";"ENT";"16";"I";"10768,37347";"14";;;;
"GRT Gaz";"2018";"G";"52";"ENT";"10";"I";"647868,702546";"14";;;;" 0"
"GRT Gaz";"2018";"G";"52";"ENT";"12";"I";"157471,527004";"2";;;;" 0"
"GRT Gaz";"2018";"G";"52";"ENT";"17";"I";"345145,328501";"3";;;;" 0"
"GRT Gaz";"2018";"G";"52";"ENT";"19";"I";"1532520,99071";"1";;;;" 0"
"GRT Gaz";"2018";"G";"52";"ENT";"22";"I";"211976,585422";"3";;;;" 0"
"GRT Gaz";"2018";"G";"52";"ENT";"23";"I";"138497,022702";"4";;;;" 0"
"GRT Gaz";"2018";"G";"52";"ENT";"24";"I";"253858,535383";"3";;;;" 0"
"GRT Gaz";"2018";"G";"52";"ENT";"27";"I";"3204,950931";"1";;;;" 0"
"GRT Gaz";"2018";"G";"52";"ENT";"30";"I";"65118,244742";"1";;;;" 0"
"GRT Gaz";"2018";"G";"52";"ENT";"35";"I";"1790186,85166";"7";;;;" 0"
"GRT Gaz";"2018";"G";"52";"ENT";"46";"T";"11582,027882";"6";;;;" 0"
"Sorégies";"2018";"G";"52";"ENT_PRO";;"A";"1091";"1";"0";;;" 0"
"Sorégies";"2018";"G";"52";"ENT_PRO";;"I";"80497";"32";"0";;;" 2"
"Sorégies";"2018";"G";"52";"RES";;"R";"54546";"1865";"0";;;"17"
"Sorégies";"2018";"G";"52";"ENT_PRO";;"T";"21186";"280";"0";;;" 1"
"Antargaz-Finagaz";"2018";"G";"53";"RES";;"R";"3636";"2";"0";;;" 0"
"GRDF";"2018";"G";"53";"ENT";;"I";"985236,6298";"134";;;;
"GRDF";"2018";"G";"53";"PRO";;"A";"4282,47434";"58";;;;
"GRDF";"2018";"G";"53";"ENT";;"X";"54348,04475";"137";;;;
"GRDF";"2018";"G";"53";"PRO";;"T";"964351,28229";"18045";;;;
"GRDF";"2018";"G";"53";"PRO";;"I";"89591,31152";"1461";;;;
"GRDF";"2018";"G";"53";"RES";;"R";"5383732,27512";"485442";;;;
"GRDF";"2018";"G";"53";"ENT";;"A";"590968,59386";"72";;;;
"GRDF";"2018";"G";"53";"ENT";"58";"T";"4958,33884";"2";;;;
"GRDF";"2018";"G";"53";"ENT";"65";"T";"6456,98672";"12";;;;
"GRDF";"2018";"G";"53";"ENT";"85";"T";"165225,24743";"246";;;;
"GRDF";"2018";"G";"53";"ENT";"42";"I";"14204,60623";"2";;;;
"GRDF";"2018";"G";"53";"ENT";"55";"T";"34480,26322";"72";;;;
"GRDF";"2018";"G";"53";"ENT";"56";"T";"4900,4506";"14";;;;
"GRDF";"2018";"G";"53";"ENT";"20";"I";"120351,46711";"16";;;;
"GRDF";"2018";"G";"53";"ENT";"51";"T";"1526,71397";"1";;;;
"GRDF";"2018";"G";"53";"ENT";"29";"I";"15922,34279";"13";;;;
"GRDF";"2018";"G";"53";"ENT";"31";"I";"5494,99644";"7";;;;
"GRDF";"2018";"G";"53";"ENT";"13";"I";"142,22386";"1";;;;
"GRDF";"2018";"G";"53";"ENT";"10";"I";"1507184,05024";"175";;;;
"GRDF";"2018";"G";"53";"ENT";"68";"T";"93426,96387";"147";;;;
"GRDF";"2018";"G";"53";"ENT";"21";"I";"43545,46515";"5";;;;
"GRDF";"2018";"G";"53";"ENT";"96";"T";"22040,30212";"18";;;;
"GRDF";"2018";"G";"53";"ENT";"41";"I";"4070,54915";"10";;;;
"GRDF";"2018";"G";"53";"ENT";"14";"I";"5123,14827";"6";;;;
"GRDF";"2018";"G";"53";"ENT";"86";"T";"216778,03478";"92";;;;
"GRDF";"2018";"G";"53";"ENT";"32";"I";"18475,94251";"9";;;;
"GRDF";"2018";"G";"53";"ENT";"69";"T";"1860,90014";"2";;;;
"GRDF";"2018";"G";"53";"ENT";"87";"T";"79126,43108";"121";;;;
"GRDF";"2018";"G";"53";"ENT";"72";"T";"3776,11758";"5";;;;
"GRDF";"2018";"G";"53";"ENT";"43";"I";"13465,61339";"14";;;;
"GRDF";"2018";"G";"53";"ENT";"27";"I";"4309,009";"2";;;;
"GRDF";"2018";"G";"53";"ENT";"94";"T";"41298,67909";"69";;;;
"GRDF";"2018";"G";"53";"ENT";"30";"I";"39656,52035";"7";;;;
"GRDF";"2018";"G";"53";"ENT";"24";"I";"8389,84201";"6";;;;
"GRDF";"2018";"G";"53";"ENT";"15";"I";"1457,63546";"1";;;;
"GRDF";"2018";"G";"53";"ENT";"18";"I";"6867,10157";"6";;;;
"GRDF";"2018";"G";"53";"ENT";"28";"I";"22981,38625";"14";;;;
"GRDF";"2018";"G";"53";"ENT";"49";"T";"16536,40601";"16";;;;
"GRDF";"2018";"G";"53";"ENT";"93";"T";"4775,77352";"5";;;;
"GRDF";"2018";"G";"53";"ENT";"90";"T";"1942,8242";"3";;;;
"GRDF";"2018";"G";"53";"ENT";"52";"T";"7085,89839";"11";;;;
"GRDF";"2018";"G";"53";"ENT";"22";"I";"219475,40181";"199";;;;
"GRDF";"2018";"G";"53";"ENT";"23";"I";"6090,25616";"9";;;;
"GRDF";"2018";"G";"53";"ENT";"01";"A";"250452,7512";"78";;;;
"GRDF";"2018";"G";"53";"ENT";"33";"T";"3500,44863";"5";;;;
"GRDF";"2018";"G";"53";"ENT";"81";"T";"10315,31917";"10";;;;
"GRDF";"2018";"G";"53";"ENT";"95";"T";"1195,6996";"1";;;;
"GRDF";"2018";"G";"53";"ENT";"26";"I";"14533,59235";"8";;;;
"GRDF";"2018";"G";"53";"ENT";"91";"T";"2261,79635";"4";;;;
"GRDF";"2018";"G";"53";"ENT";"46";"T";"310888,98672";"74";;;;
"GRDF";"2018";"G";"53";"ENT";"84";"T";"387657,26772";"543";;;;
"GRDF";"2018";"G";"53";"ENT";"47";"T";"55403,43988";"109";;;;
"GRDF";"2018";"G";"53";"ENT";"64";"T";"78311,20565";"53";;;;
"GRDF";"2018";"G";"53";"ENT";"82";"T";"6890,79688";"7";;;;
"GRDF";"2018";"G";"53";"ENT";"35";"I";"147066,22665";"15";;;;
"GRDF";"2018";"G";"53";"ENT";"25";"I";"100394,40809";"38";;;;
"GRDF";"2018";"G";"53";"ENT";"71";"T";"2691,20886";"7";;;;
"GRDF";"2018";"G";"53";"ENT";"79";"T";"299,78759";"2";;;;
"GRDF";"2018";"G";"53";"ENT";"16";"I";"7040,3456";"6";;;;
"GRDF";"2018";"G";"53";"ENT";;"T";"1870651,03478";"360";;;;
"GRDF";"2018";"G";"53";"ENT";"61";"T";"12283,69576";"18";;;;
"GRDF";"2018";"G";"53";"ENT";"11";"I";"16418,6969";"3";;;;
"GRDF";"2018";"G";"53";"ENT";"08";"I";"73575,17961";"3";;;;
"GRDF";"2018";"G";"53";"ENT";"88";"T";"32401,13448";"70";;;;
"GRDF";"2018";"G";"53";"ENT";"17";"I";"56996,47474";"5";;;;
"GRDF";"2018";"G";"53";"ENT";"36";"T";"6899,79784";"2";;;;
"GRDF";"2018";"G";"53";"ENT";"70";"T";"171968,42548";"64";;;;
"GRDF";"2018";"G";"53";"ENT";"45";"T";"13937,75824";"44";;;;
"GRDF";"2018";"G";"53";"ENT";"66";"T";"5550,31952";"5";;;;
"GRDF";"2018";"G";"53";"ENT";"38";"T";"156305,77207";"8";;;;
"GRDF";"2018";"G";"53";"ENT";"59";"T";"549,26787";"1";;;;
"GRT Gaz";"2018";"G";"53";"ENT";"01";"A";"39279,737735";"1";;;;" 0"
"GRT Gaz";"2018";"G";"53";"ENT";"08";"I";"77282,719238";"2";;;;" 0"
"GRT Gaz";"2018";"G";"53";"ENT";"10";"I";"707215,321071";"13";;;;" 0"
"GRT Gaz";"2018";"G";"53";"ENT";"17";"I";"331748,077454";"3";;;;" 0"
"GRT Gaz";"2018";"G";"53";"ENT";"20";"I";"28391,918509";"2";;;;" 0"
"GRT Gaz";"2018";"G";"53";"ENT";"24";"I";"19870,665923";"1";;;;" 0"
"GRT Gaz";"2018";"G";"53";"ENT";"29";"I";"184214,300709";"1";;;;" 0"
"GRT Gaz";"2018";"G";"53";"ENT";"35";"I";"103073,069245";"2";;;;" 0"
"GRT Gaz";"2018";"G";"53";"ENT";"64";"T";"17100,356606";"1";;;;" 0"
"GRT Gaz";"2018";"G";"53";"ENT";"70";"T";"41889,849504";"1";;;;" 0"
"Veolia eau";"2018";"G";"53";"ENT_PRO";;"I";"8998";"5";"0";;;" 0"
"Veolia eau";"2018";"G";"53";"RES";;"R";"339";"53";"0";;;" 0"
"Veolia eau";"2018";"G";"53";"ENT_PRO";;"T";"717";"14";"0";;;" 0"
"Gascogne Energies Services";"2018";"G";"75";"ENT_PRO";;"A";"2515";"26";"0";;;" 0"
"Gascogne Energies Services";"2018";"G";"75";"ENT_PRO";;"I";"44047";"26";"0";;;" 0"
"Gascogne Energies Services";"2018";"G";"75";"RES";;"R";"24759";"2222";"0";;;" 1"
"Gascogne Energies Services";"2018";"G";"75";"ENT_PRO";;"T";"15460";"106";"0";;;" 0"
"GRDF";"2018";"G";"75";"ENT";;"X";"11281,41321";"206";;;;
"GRDF";"2018";"G";"75";"RES";;"R";"9231053,48199";"738556";;;;
"GRDF";"2018";"G";"75";"ENT";;"A";"61525,6431";"23";;;;
"GRDF";"2018";"G";"75";"PRO";;"T";"1358000,36715";"28825";;;;
"GRDF";"2018";"G";"75";"ENT";;"T";"543677,14719";"443";;;;
"GRDF";"2018";"G";"75";"PRO";;"I";"171811,14315";"2977";;;;
"GRDF";"2018";"G";"75";"ENT";"58";"T";"738,51683";"2";;;;
"GRDF";"2018";"G";"75";"ENT";"42";"I";"24612,27919";"6";;;;
"GRDF";"2018";"G";"75";"ENT";"24";"I";"62994,94606";"7";;;;
"GRDF";"2018";"G";"75";"ENT";"56";"T";"8185,66475";"31";;;;
"GRDF";"2018";"G";"75";"ENT";"20";"I";"70877,65306";"23";;;;
"GRDF";"2018";"G";"75";"ENT";"51";"T";"428,13113";"1";;;;
"GRDF";"2018";"G";"75";"ENT";"61";"T";"3201,54935";"9";;;;
"GRDF";"2018";"G";"75";"ENT";"03";"A";"2884,03588";"3";;;;
"GRDF";"2018";"G";"75";"ENT";"31";"I";"17722,55002";"14";;;;
"GRDF";"2018";"G";"75";"ENT";"11";"I";"136580,88765";"61";;;;
"GRDF";"2018";"G";"75";"ENT";"13";"I";"15465,7496";"10";;;;
"GRDF";"2018";"G";"75";"ENT";"10";"I";"482845,76635";"136";;;;
"GRDF";"2018";"G";"75";"ENT";"68";"T";"149265,11245";"209";;;;
"GRDF";"2018";"G";"75";"ENT";"21";"I";"25593,00391";"4";;;;
"GRDF";"2018";"G";"75";"ENT";"19";"I";"2966,64464";"1";;;;
"GRDF";"2018";"G";"75";"ENT";"96";"T";"66344,86498";"49";;;;
"GRDF";"2018";"G";"75";"ENT";"41";"I";"1085,52275";"3";;;;
"GRDF";"2018";"G";"75";"ENT";"06";"I";"370,54761";"1";;;;
"GRDF";"2018";"G";"75";"ENT";"08";"I";"7029,06949";"2";;;;
"GRDF";"2018";"G";"75";"ENT";"88";"T";"61502,05859";"111";;;;
"GRDF";"2018";"G";"75";"ENT";"17";"I";"47324,07359";"20";;;;
"GRDF";"2018";"G";"75";"ENT";"32";"I";"6672,8269";"5";;;;
"GRDF";"2018";"G";"75";"ENT";"69";"T";"145,38398";"2";;;;
"GRDF";"2018";"G";"75";"ENT";"15";"I";"18967,47855";"13";;;;
"GRDF";"2018";"G";"75";"ENT";"87";"T";"130668,59356";"249";;;;
"GRDF";"2018";"G";"75";"ENT";"72";"T";"9059,61553";"5";;;;
"GRDF";"2018";"G";"75";"ENT";"43";"I";"88451,77549";"117";;;;
"GRDF";"2018";"G";"75";"ENT";"77";"T";"406,71955";"1";;;;
"GRDF";"2018";"G";"75";"ENT";"27";"I";"40303,01112";"20";;;;
"GRDF";"2018";"G";"75";"ENT";"94";"T";"27552,2605";"53";;;;
"GRDF";"2018";"G";"75";"ENT";"36";"T";"5882,17952";"7";;;;
"GRDF";"2018";"G";"75";"ENT";"92";"T";"567,78484";"1";;;;
"GRDF";"2018";"G";"75";"ENT";"18";"I";"19736,20151";"15";;;;
"GRDF";"2018";"G";"75";"ENT";"49";"T";"41685,49197";"52";;;;
"GRDF";"2018";"G";"75";"ENT";"93";"T";"4370,73655";"13";;;;
"GRDF";"2018";"G";"75";"ENT";"90";"T";"3407,30579";"7";;;;
"GRDF";"2018";"G";"75";"ENT";"52";"T";"19839,72597";"19";;;;
"GRDF";"2018";"G";"75";"ENT";"70";"T";"97794,85318";"91";;;;
"GRDF";"2018";"G";"75";"ENT";"22";"I";"84539,95335";"38";;;;
"GRDF";"2018";"G";"75";"ENT";"45";"T";"32372,5123";"87";;;;
"GRDF";"2018";"G";"75";"ENT";"01";"A";"117066,4845";"130";;;;
"GRDF";"2018";"G";"75";"ENT";"62";"T";"869,42974";"2";;;;
"GRDF";"2018";"G";"75";"ENT";"33";"T";"4333,9384";"9";;;;
"GRDF";"2018";"G";"75";"ENT";"81";"T";"31168,89718";"23";;;;
"GRDF";"2018";"G";"75";"ENT";"95";"T";"359,26695";"1";;;;
"GRDF";"2018";"G";"75";"ENT";"26";"I";"10185,74362";"12";;;;
"GRDF";"2018";"G";"75";"ENT";"38";"T";"25536,49958";"10";;;;
"GRDF";"2018";"G";"75";"ENT";"46";"T";"193399,82907";"135";;;;
"GRDF";"2018";"G";"75";"ENT";"84";"T";"575170,60928";"850";;;;
"GRDF";"2018";"G";"75";"ENT";"47";"T";"82731,33887";"166";;;;
"GRDF";"2018";"G";"75";"ENT";"64";"T";"69207,60341";"49";;;;
"GRDF";"2018";"G";"75";"ENT";"82";"T";"16051,5566";"15";;;;
"GRDF";"2018";"G";"75";"ENT";"35";"I";"182364,04554";"104";;;;
"GRDF";"2018";"G";"75";"ENT";"25";"I";"102097,39866";"75";;;;
"GRDF";"2018";"G";"75";"ENT";"71";"T";"4710,30655";"8";;;;
"GRDF";"2018";"G";"75";"ENT";"59";"T";"692,6938";"2";;;;
"GRDF";"2018";"G";"75";"PRO";;"A";"33289,61374";"521";;;;
"GRDF";"2018";"G";"75";"ENT";;"I";"1113320,64899";"174";;;;
"GRDF";"2018";"G";"75";"ENT";"65";"T";"7105,44658";"13";;;;
"GRDF";"2018";"G";"75";"ENT";"85";"T";"236300,45062";"364";;;;
"GRDF";"2018";"G";"75";"ENT";"55";"T";"59510,41744";"106";;;;
"GRDF";"2018";"G";"75";"ENT";"29";"I";"24344,34284";"14";;;;
"GRDF";"2018";"G";"75";"ENT";"14";"I";"3995,013";"8";;;;
"GRDF";"2018";"G";"75";"ENT";"86";"T";"325712,65618";"154";;;;
"GRDF";"2018";"G";"75";"ENT";"30";"I";"58044,42798";"28";;;;
"GRDF";"2018";"G";"75";"ENT";"28";"I";"46025,97452";"32";;;;
"GRDF";"2018";"G";"75";"ENT";"23";"I";"134603,43854";"39";;;;
"GRDF";"2018";"G";"75";"ENT";"66";"T";"1713,33";"5";;;;
"GRDF";"2018";"G";"75";"ENT";"74";"T";"3846,20216";"6";;;;
"GRDF";"2018";"G";"75";"ENT";"91";"T";"4293,21835";"6";;;;
"GRDF";"2018";"G";"75";"ENT";"16";"I";"75705,67763";"30";;;;
"GRT Gaz";"2018";"G";"75";"ENT";"01";"A";"416,673103";"1";;;;" 0"
"GRT Gaz";"2018";"G";"75";"ENT";"08";"I";"357,511433";"1";;;;" 0"
"GRT Gaz";"2018";"G";"75";"ENT";"10";"I";"65704,176561";"2";;;;" 0"
"GRT Gaz";"2018";"G";"75";"ENT";"11";"I";"26494,206026";"5";;;;" 0"
"GRT Gaz";"2018";"G";"75";"ENT";"17";"I";"751490,574811";"7";;;;" 0"
"GRT Gaz";"2018";"G";"75";"ENT";"20";"I";"299324,273684";"7";;;;" 0"
"GRT Gaz";"2018";"G";"75";"ENT";"22";"I";"99035,468735";"2";;;;" 0"
"GRT Gaz";"2018";"G";"75";"ENT";"23";"I";"939935,960912";"12";;;;" 0"
"GRT Gaz";"2018";"G";"75";"ENT";"24";"I";"47093,615205";"1";;;;" 0"
"GRT Gaz";"2018";"G";"75";"ENT";"27";"I";"4044,282563";"1";;;;" 0"
"GRT Gaz";"2018";"G";"75";"ENT";"29";"I";"5431,818193";"1";;;;" 0"
"GRT Gaz";"2018";"G";"75";"ENT";"35";"I";"2071404,041023";"13";;;;" 0"
"GRT Gaz";"2018";"G";"75";"ENT";"46";"T";"4281,191851";"6";;;;" 0"
"GRT Gaz";"2018";"G";"75";"ENT";"68";"T";"393,308132";"1";;;;" 0"
"Regaz Bordeaux";"2018";"G";"75";"ENT_PRO";;"A";"22397";"189";;;;" 0"
"Regaz Bordeaux";"2018";"G";"75";"ENT_PRO";;"I";"608072";"1071";;;;"28"
"Regaz Bordeaux";"2018";"G";"75";"RES";;"R";"2182716";"215891";;;;" 0"
"Regaz Bordeaux";"2018";"G";"75";"ENT_PRO";;"T";"1228001";"6467";;;;" 0"
"Regaz Bordeaux";"2018";"G";"75";"ENT_PRO";;"X";"s";"s";"0";;;" 1"
"Régie Municipale Bazas-Energies";"2018";"G";"75";"ENT_PRO";;"A";"72";"1";"0";;;" 0"
"Régie Municipale Bazas-Energies";"2018";"G";"75";"ENT_PRO";;"I";"27500";"19";"0";;;" 0"
"Régie Municipale Bazas-Energies";"2018";"G";"75";"RES";;"R";"23808";"1713";"0";;;" 0"
"Régie Municipale Bazas-Energies";"2018";"G";"75";"ENT_PRO";;"T";"4177";"48";"0";;;" 1"
"Régie Municipale Bazas-Energies";"2018";"G";"75";"ENT_PRO";;"X";"2207";"7";"0";;;" 0"
"Régie municipale multiservices de La Réole";"2018";"G";"75";"ENT_PRO";;"A";"1301";"4";"0";;;" 0"
"Régie municipale multiservices de La Réole";"2018";"G";"75";"ENT_PRO";;"I";"6370";"27";"0";;;" 0"
"Régie municipale multiservices de La Réole";"2018";"G";"75";"RES";;"R";"21218";"1575";"0";;;" 1"
"Régie municipale multiservices de La Réole";"2018";"G";"75";"ENT_PRO";;"T";"6617";"125";"0";;;" 0"
"Régie municipale multiservices de La Réole";"2018";"G";"75";"ENT_PRO";;"X";"s";"s";"0";;;" 1"
"Séolis";"2018";"G";"75";"ENT_PRO";;"I";"151727";"3";"0";;;" 0"
"Séolis";"2018";"G";"75";"ENT_PRO";;"T";"s";"s";"0";;;" 1"
"Sorégies";"2018";"G";"75";"ENT_PRO";;"A";"715";"2";"0";;;" 0"
"Sorégies";"2018";"G";"75";"ENT_PRO";;"I";"45830";"54";"0";;;" 4"
"Sorégies";"2018";"G";"75";"RES";;"R";"100212";"7365";"0";;;"69"
"Sorégies";"2018";"G";"75";"ENT_PRO";;"T";"78022";"441";"0";;;"27"
"Teréga";"2018";"G";"75";"ENT";"08";"I";"9018,4631976";"1";;;;" 0"
"Teréga";"2018";"G";"75";"ENT";"10";"I";"92746,9126296";"3";;;;" 0"
"Teréga";"2018";"G";"75";"ENT";"16";"I";"57842,4644064";"2";;;;" 0"
"Teréga";"2018";"G";"75";"ENT";"17";"I";"212724,384111";"2";;;;" 0"
"Teréga";"2018";"G";"75";"ENT";"20";"I";"302742,2756862";"13";;;;" 0"
"Teréga";"2018";"G";"75";"ENT";"21";"I";"6383,4459192";"1";;;;" 0"
"Teréga";"2018";"G";"75";"ENT";"22";"I";"215897,2652088";"1";;;;" 0"
"Teréga";"2018";"G";"75";"ENT";"23";"I";"755535,7908792";"8";;;;" 0"
"Teréga";"2018";"G";"75";"ENT";"24";"I";"14254,2138474";"3";;;;" 0"
"Teréga";"2018";"G";"75";"ENT";"25";"I";"4527,8177976";"1";;;;" 0"
"Teréga";"2018";"G";"75";"ENT";"26";"I";"322,626654";"1";;;;" 0"
"Teréga";"2018";"G";"75";"ENT";"29";"I";"29744,6896404";"1";;;;" 0"
"Teréga";"2018";"G";"75";"ENT";"30";"I";"31571,282466";"2";;;;" 0"
"Teréga";"2018";"G";"75";"ENT";"35";"I";"685676,2581198";"7";;;;" 0"
"Teréga";"2018";"G";"75";"ENT";"33";"T";"13499,1176886";"1";;;;" 0"
"Teréga";"2018";"G";"75";"ENT";"37";"T";"82576,6795962";"1";;;;" 0"
"Teréga";"2018";"G";"75";"ENT";"38";"T";"40989,7429596";"1";;;;" 0"
"Teréga";"2018";"G";"75";"ENT";"46";"T";"68385,1031838";"12";;;;" 0"
"Teréga";"2018";"G";"75";"ENT";"52";"T";"7542,7432758";"1";;;;" 0"
"Teréga";"2018";"G";"75";"ENT";"72";"T";"32093,7493572";"1";;;;" 0"
"Energies Services Lannemezan";"2018";"G";"76";"RES";;"R";"25335";"2367";"0";;;" 0"
"Energies Services Lannemezan";"2018";"G";"76";"ENT_PRO";;"T";"26921";"75";"0";;;" 0"
"Energies Services Lavaur";"2018";"G";"76";"ENT_PRO";;"A";"55";"2";"0";;;" 0"
"Energies Services Lavaur";"2018";"G";"76";"ENT_PRO";;"I";"996";"10";"0";;;" 0"
"Energies Services Lavaur";"2018";"G";"76";"RES";;"R";"10792";"1010";"0";;;" 0"
"Energies Services Lavaur";"2018";"G";"76";"ENT_PRO";;"T";"16825";"90";"0";;;" 0"
"Energies Services Lavaur";"2018";"G";"76";"ENT_PRO";;"X";"5592";"38";"0";;;" 0"
"Gascogne Energies Services";"2018";"G";"76";"ENT_PRO";;"A";"5217";"1";"0";;;" 0"
"Gascogne Energies Services";"2018";"G";"76";"RES";;"R";"3800";"327";"0";;;" 0"
"Gascogne Energies Services";"2018";"G";"76";"ENT_PRO";;"T";"360";"12";"0";;;" 0"
"GRDF";"2018";"G";"76";"ENT";;"T";"686814,08315";"628";;;;
"GRDF";"2018";"G";"76";"ENT";;"A";"4849,34453";"5";;;;
"GRDF";"2018";"G";"76";"RES";;"R";"9305618,1217";"849106";;;;
"GRDF";"2018";"G";"76";"PRO";;"T";"1258999,69611";"26199";;;;
"GRDF";"2018";"G";"76";"ENT";;"X";"10641,69281";"253";;;;
"GRDF";"2018";"G";"76";"ENT";"65";"T";"3255,95301";"7";;;;
"GRDF";"2018";"G";"76";"ENT";"42";"I";"4716,5853";"5";;;;
"GRDF";"2018";"G";"76";"ENT";"55";"T";"62820,03781";"143";;;;
"GRDF";"2018";"G";"76";"ENT";"20";"I";"71182,30287";"26";;;;
"GRDF";"2018";"G";"76";"ENT";"50";"T";"156,30847";"1";;;;
"GRDF";"2018";"G";"76";"ENT";"51";"T";"575,30414";"1";;;;
"GRDF";"2018";"G";"76";"ENT";"29";"I";"3690,72746";"8";;;;
"GRDF";"2018";"G";"76";"ENT";"61";"T";"10393,26396";"28";;;;
"GRDF";"2018";"G";"76";"ENT";"03";"A";"4579,15441";"2";;;;
"GRDF";"2018";"G";"76";"ENT";"31";"I";"1189,63793";"3";;;;
"GRDF";"2018";"G";"76";"ENT";"11";"I";"12502,25963";"30";;;;
"GRDF";"2018";"G";"76";"ENT";"13";"I";"19309,36607";"6";;;;
"GRDF";"2018";"G";"76";"ENT";"10";"I";"302054,67068";"131";;;;
"GRDF";"2018";"G";"76";"ENT";"68";"T";"197843,90225";"338";;;;
"GRDF";"2018";"G";"76";"ENT";"21";"I";"3567,46572";"3";;;;
"GRDF";"2018";"G";"76";"ENT";"96";"T";"54233,31226";"37";;;;
"GRDF";"2018";"G";"76";"ENT";"14";"I";"6243,66468";"8";;;;
"GRDF";"2018";"G";"76";"ENT";"60";"T";"232,19822";"2";;;;
"GRDF";"2018";"G";"76";"ENT";"08";"I";"11745,352";"2";;;;
"GRDF";"2018";"G";"76";"ENT";"88";"T";"70790,49136";"102";;;;
"GRDF";"2018";"G";"76";"ENT";"17";"I";"10134,06346";"7";;;;
"GRDF";"2018";"G";"76";"ENT";"86";"T";"317950,21744";"192";;;;
"GRDF";"2018";"G";"76";"ENT";"32";"I";"1589,33927";"2";;;;
"GRDF";"2018";"G";"76";"ENT";"87";"T";"194079,21008";"295";;;;
"GRDF";"2018";"G";"76";"ENT";"72";"T";"21649,75621";"20";;;;
"GRDF";"2018";"G";"76";"ENT";"37";"T";"2646,46626";"1";;;;
"GRDF";"2018";"G";"76";"ENT";"36";"T";"6510,93605";"4";;;;
"GRDF";"2018";"G";"76";"ENT";"92";"T";"582,09471";"1";;;;
"GRDF";"2018";"G";"76";"PRO";;"A";"7191,8221";"155";;;;
"GRDF";"2018";"G";"76";"ENT";"43";"I";"66452,85431";"102";;;;
"GRDF";"2018";"G";"76";"ENT";"30";"I";"43733,56763";"25";;;;
"GRDF";"2018";"G";"76";"ENT";"18";"I";"2994,26835";"5";;;;
"GRDF";"2018";"G";"76";"ENT";"28";"I";"40016,88364";"26";;;;
"GRDF";"2018";"G";"76";"ENT";"49";"T";"121128,09779";"32";;;;
"GRDF";"2018";"G";"76";"ENT";"90";"T";"4859,01356";"10";;;;
"GRDF";"2018";"G";"76";"ENT";"70";"T";"119426,57843";"115";;;;
"GRDF";"2018";"G";"76";"ENT";"22";"I";"34891,26484";"21";;;;
"GRDF";"2018";"G";"76";"ENT";"45";"T";"24401,70629";"78";;;;
"GRDF";"2018";"G";"76";"ENT";"01";"A";"52446,96761";"74";;;;
"GRDF";"2018";"G";"76";"ENT";"33";"T";"18874,73488";"9";;;;
"GRDF";"2018";"G";"76";"ENT";"81";"T";"18674,15648";"20";;;;
"GRDF";"2018";"G";"76";"ENT";"66";"T";"1150,94992";"2";;;;
"GRDF";"2018";"G";"76";"ENT";"99";"T";"452,82215";"1";;;;
"GRDF";"2018";"G";"76";"ENT";"95";"T";"537,42757";"1";;;;
"GRDF";"2018";"G";"76";"ENT";"26";"I";"8564,90586";"6";;;;
"GRDF";"2018";"G";"76";"ENT";"91";"T";"970,67448";"3";;;;
"GRDF";"2018";"G";"76";"ENT";"38";"T";"36467,48691";"13";;;;
"GRDF";"2018";"G";"76";"ENT";"46";"T";"135923,10934";"102";;;;
"GRDF";"2018";"G";"76";"ENT";"84";"T";"566755,63961";"897";;;;
"GRDF";"2018";"G";"76";"ENT";"47";"T";"75589,65719";"164";;;;
"GRDF";"2018";"G";"76";"ENT";"64";"T";"70998,67306";"76";;;;
"GRDF";"2018";"G";"76";"ENT";"35";"I";"93530,44629";"24";;;;
"GRDF";"2018";"G";"76";"ENT";"71";"T";"586,90398";"5";;;;
"GRDF";"2018";"G";"76";"ENT";"98";"T";"296,21186";"1";;;;
"GRDF";"2018";"G";"76";"ENT";"59";"T";"451,4391";"1";;;;
"GRDF";"2018";"G";"76";"ENT";"16";"I";"2989,41849";"4";;;;
"GRDF";"2018";"G";"76";"PRO";;"I";"119904,84987";"2074";;;;
"GRDF";"2018";"G";"76";"ENT";;"I";"894254,55622";"117";;;;
"GRDF";"2018";"G";"76";"ENT";"85";"T";"180690,07791";"296";;;;
"GRDF";"2018";"G";"76";"ENT";"24";"I";"34658,32364";"12";;;;
"GRDF";"2018";"G";"76";"ENT";"56";"T";"6849,76006";"26";;;;
"GRDF";"2018";"G";"76";"ENT";"41";"I";"7186,8976";"5";;;;
"GRDF";"2018";"G";"76";"ENT";"73";"T";"144,11591";"1";;;;
"GRDF";"2018";"G";"76";"ENT";"15";"I";"9503,62666";"10";;;;
"GRDF";"2018";"G";"76";"ENT";"77";"T";"1136,49711";"4";;;;
"GRDF";"2018";"G";"76";"ENT";"27";"I";"9311,47949";"11";;;;
"GRDF";"2018";"G";"76";"ENT";"94";"T";"39769,96373";"92";;;;
"GRDF";"2018";"G";"76";"ENT";"93";"T";"5628,9773";"13";;;;
"GRDF";"2018";"G";"76";"ENT";"52";"T";"13031,67448";"20";;;;
"GRDF";"2018";"G";"76";"ENT";"23";"I";"174158,79098";"35";;;;
"GRDF";"2018";"G";"76";"ENT";"62";"T";"583,65933";"2";;;;
"GRDF";"2018";"G";"76";"ENT";"74";"T";"5979,62343";"16";;;;
"GRDF";"2018";"G";"76";"ENT";"82";"T";"16896,63143";"15";;;;
"GRDF";"2018";"G";"76";"ENT";"25";"I";"94586,28804";"69";;;;
"GRDF";"2018";"G";"76";"ENT";"79";"T";"1095,84183";"1";;;;
"GRT Gaz";"2018";"G";"76";"ENT";"23";"I";"572562,720408";"4";;;;" 0"
"GRT Gaz";"2018";"G";"76";"ENT";"24";"I";"90534,427812";"1";;;;" 0"
"GRT Gaz";"2018";"G";"76";"ENT";"35";"I";"248340,29273";"3";;;;" 0"
"Teréga";"2018";"G";"76";"ENT";"16";"I";"609,0283674";"1";;;;" 0"
"Teréga";"2018";"G";"76";"ENT";"17";"I";"184934,2340952";"2";;;;" 0"
"Teréga";"2018";"G";"76";"ENT";"18";"I";"1171,1410704";"1";;;;" 0"
"Teréga";"2018";"G";"76";"ENT";"20";"I";"532978,4944944";"2";;;;" 0"
"Teréga";"2018";"G";"76";"ENT";"23";"I";"1051702,3831248";"20";;;;" 0"
"Teréga";"2018";"G";"76";"ENT";"24";"I";"20185,2184698";"2";;;;" 0"
"Teréga";"2018";"G";"76";"ENT";"25";"I";"115647,0255198";"2";;;;" 0"
"Teréga";"2018";"G";"76";"ENT";"30";"I";"23933,009457";"1";;;;" 0"
"Teréga";"2018";"G";"76";"ENT";"35";"I";"400158,9030888";"2";;;;" 0"
"Teréga";"2018";"G";"76";"ENT";"46";"T";"27161,1338148";"12";;;;" 0"
"Teréga";"2018";"G";"76";"ENT";"47";"T";"83757,173922";"1";;;;" 0"
"Teréga";"2018";"G";"76";"ENT";"72";"T";"13545,832833";"1";;;;" 0"
"Teréga";"2018";"G";"76";"ENT";"82";"T";"0,0721872";"1";;;;" 0"
"Teréga";"2018";"G";"76";"ENT";"84";"T";"2484,4688676";"2";;;;" 0"
"Teréga";"2018";"G";"76";"ENT";"86";"T";"9343,8279522";"1";;;;" 0"
"Teréga";"2018";"G";"76";"ENT";"94";"T";"36595,7101008";"1";;;;" 0"
"Energie et services de Seyssel";"2018";"G";"84";"ENT_PRO";;"I";"974";"2";"0";;;" 0"
"Energie et services de Seyssel";"2018";"G";"84";"RES";;"R";"6171";"295";"0";;;" 0"
"Energie et services de Seyssel";"2018";"G";"84";"ENT_PRO";;"T";"2521";"3";"0";;;" 0"
"GRDF";"2018";"G";"84";"ENT";;"A";"17038,45479";"12";;;;
"GRDF";"2018";"G";"84";"ENT";;"I";"2527146,66248";"363";;;;
"GRDF";"2018";"G";"84";"RES";;"R";"17833328,06899";"1246061";;;;
"GRDF";"2018";"G";"84";"PRO";;"T";"2709643,85412";"50984";;;;
"GRDF";"2018";"G";"84";"ENT";;"X";"22982,59343";"395";;;;
"GRDF";"2018";"G";"84";"PRO";;"I";"402263,79523";"6662";;;;
"GRDF";"2018";"G";"84";"ENT";"58";"T";"1309,8835";"3";;;;
"GRDF";"2018";"G";"84";"ENT";"65";"T";"21297,895";"32";;;;
"GRDF";"2018";"G";"84";"ENT";"85";"T";"629655,86597";"977";;;;
"GRDF";"2018";"G";"84";"ENT";"42";"I";"11440,51427";"11";;;;
"GRDF";"2018";"G";"84";"ENT";"55";"T";"134125,10382";"250";;;;
"GRDF";"2018";"G";"84";"ENT";"24";"I";"244676,1208";"50";;;;
"GRDF";"2018";"G";"84";"ENT";"56";"T";"21829,33956";"77";;;;
"GRDF";"2018";"G";"84";"ENT";"20";"I";"670101,79263";"64";;;;
"GRDF";"2018";"G";"84";"ENT";"61";"T";"7375,22306";"19";;;;
"GRDF";"2018";"G";"84";"ENT";"63";"T";"2342,80389";"4";;;;
"GRDF";"2018";"G";"84";"ENT";"11";"I";"66018,7292";"30";;;;
"GRDF";"2018";"G";"84";"ENT";"13";"I";"239428,74685";"88";;;;
"GRDF";"2018";"G";"84";"ENT";"10";"I";"577026,50969";"206";;;;
"GRDF";"2018";"G";"84";"ENT";"68";"T";"761932,08835";"1200";;;;
"GRDF";"2018";"G";"84";"ENT";"21";"I";"102954,95499";"20";;;;
"GRDF";"2018";"G";"84";"ENT";"19";"I";"6109,96797";"1";;;;
"GRDF";"2018";"G";"84";"ENT";"96";"T";"86749,65582";"42";;;;
"GRDF";"2018";"G";"84";"ENT";"41";"I";"39158,63189";"48";;;;
"GRDF";"2018";"G";"84";"ENT";"78";"T";"1350,5138";"2";;;;
"GRDF";"2018";"G";"84";"ENT";"08";"I";"5849,24043";"2";;;;
"GRDF";"2018";"G";"84";"ENT";"17";"I";"221056,70731";"34";;;;
"GRDF";"2018";"G";"84";"ENT";"73";"T";"2811,07771";"7";;;;
"GRDF";"2018";"G";"84";"ENT";"53";"T";"1468,0349";"2";;;;
"GRDF";"2018";"G";"84";"ENT";"32";"I";"140941,78695";"40";;;;
"GRDF";"2018";"G";"84";"ENT";"69";"T";"3756,43854";"9";;;;
"GRDF";"2018";"G";"84";"ENT";"05";"I";"532,96666";"1";;;;
"GRDF";"2018";"G";"84";"ENT";"87";"T";"293931,28621";"445";;;;
"GRDF";"2018";"G";"84";"ENT";"43";"I";"57465,42358";"89";;;;
"GRDF";"2018";"G";"84";"ENT";"37";"T";"3904,62286";"4";;;;
"GRDF";"2018";"G";"84";"ENT";"77";"T";"2773,8639";"8";;;;
"GRDF";"2018";"G";"84";"ENT";"27";"I";"51059,17758";"53";;;;
"GRDF";"2018";"G";"84";"ENT";"02";"A";"61,32256";"1";;;;
"GRDF";"2018";"G";"84";"ENT";"94";"T";"52371,04127";"121";;;;
"GRDF";"2018";"G";"84";"ENT";"36";"T";"8504,75805";"9";;;;
"GRDF";"2018";"G";"84";"ENT";"92";"T";"3356,01475";"6";;;;
"GRDF";"2018";"G";"84";"ENT";"80";"T";"220,64562";"1";;;;
"GRDF";"2018";"G";"84";"ENT";"14";"I";"7412,90825";"16";;;;
"GRDF";"2018";"G";"84";"ENT";"88";"T";"102110,65307";"175";;;;
"GRDF";"2018";"G";"84";"ENT";"28";"I";"195586,13474";"138";;;;
"GRDF";"2018";"G";"84";"ENT";"49";"T";"100861,5191";"86";;;;
"GRDF";"2018";"G";"84";"ENT";"90";"T";"4115,30982";"12";;;;
"GRDF";"2018";"G";"84";"ENT";"70";"T";"392433,51457";"323";;;;
"GRDF";"2018";"G";"84";"ENT";"22";"I";"398887,41657";"131";;;;
"GRDF";"2018";"G";"84";"ENT";"45";"T";"81661,33626";"198";;;;
"GRDF";"2018";"G";"84";"ENT";"23";"I";"288818,96857";"55";;;;
"GRDF";"2018";"G";"84";"ENT";"01";"A";"40497,49585";"88";;;;
"GRDF";"2018";"G";"84";"ENT";"62";"T";"686,34471";"2";;;;
"GRDF";"2018";"G";"84";"ENT";"33";"T";"19244,34181";"38";;;;
"GRDF";"2018";"G";"84";"ENT";"81";"T";"81696,39779";"112";;;;
"GRDF";"2018";"G";"84";"ENT";"74";"T";"44627,80022";"74";;;;
"GRDF";"2018";"G";"84";"ENT";"95";"T";"528,91968";"1";;;;
"GRDF";"2018";"G";"84";"ENT";"91";"T";"4764,48085";"5";;;;
"GRDF";"2018";"G";"84";"ENT";"38";"T";"3194,04762";"12";;;;
"GRDF";"2018";"G";"84";"ENT";"46";"T";"241898,18093";"268";;;;
"GRDF";"2018";"G";"84";"ENT";"84";"T";"1002324,61133";"1645";;;;
"GRDF";"2018";"G";"84";"ENT";"47";"T";"126154,40787";"220";;;;
"GRDF";"2018";"G";"84";"ENT";"64";"T";"135821,43274";"123";;;;
"GRDF";"2018";"G";"84";"ENT";"82";"T";"57298,25228";"52";;;;
"GRDF";"2018";"G";"84";"ENT";"25";"I";"491059,03639";"360";;;;
"GRDF";"2018";"G";"84";"ENT";"71";"T";"12787,03779";"23";;;;
"GRDF";"2018";"G";"84";"ENT";"79";"T";"1004,37468";"2";;;;
"GRDF";"2018";"G";"84";"ENT";"59";"T";"1234,97088";"4";;;;
"GRDF";"2018";"G";"84";"ENT";;"T";"1326869,67983";"1047";;;;
"GRDF";"2018";"G";"84";"PRO";;"A";"12880,54885";"247";;;;
"GRDF";"2018";"G";"84";"ENT";"51";"T";"7580,26736";"7";;;;
"GRDF";"2018";"G";"84";"ENT";"29";"I";"149430,62069";"79";;;;
"GRDF";"2018";"G";"84";"ENT";"31";"I";"43813,5848";"21";;;;
"GRDF";"2018";"G";"84";"ENT";"86";"T";"651426,60489";"261";;;;
"GRDF";"2018";"G";"84";"ENT";"15";"I";"26848,49571";"10";;;;
"GRDF";"2018";"G";"84";"ENT";"72";"T";"33044,33243";"28";;;;
"GRDF";"2018";"G";"84";"ENT";"30";"I";"17216,56645";"15";;;;
"GRDF";"2018";"G";"84";"ENT";"18";"I";"76723,42973";"30";;;;
"GRDF";"2018";"G";"84";"ENT";"93";"T";"18637,17734";"32";;;;
"GRDF";"2018";"G";"84";"ENT";"52";"T";"41315,29899";"55";;;;
"GRDF";"2018";"G";"84";"ENT";"66";"T";"10642,30679";"15";;;;
"GRDF";"2018";"G";"84";"ENT";"26";"I";"24531,80715";"29";;;;
"GRDF";"2018";"G";"84";"ENT";"35";"I";"74767,53555";"47";;;;
"GRDF";"2018";"G";"84";"ENT";"16";"I";"47971,14251";"26";;;;
"GreenAlp";"2018";"G";"84";"RES";;"R";"18948";"1547";"0";;;" 0"
"GreenAlp";"2018";"G";"84";"ENT_PRO";;"T";"3404";"67";"0";;;" 0"
"GRT Gaz";"2018";"G";"84";"ENT";"10";"I";"114438,007534";"2";;;;" 0"
"GRT Gaz";"2018";"G";"84";"ENT";"13";"I";"44948,116387";"4";;;;" 0"
"GRT Gaz";"2018";"G";"84";"ENT";"17";"I";"950996,63295";"5";;;;" 0"
"GRT Gaz";"2018";"G";"84";"ENT";"19";"I";"621129,310437";"1";;;;" 0"
"GRT Gaz";"2018";"G";"84";"ENT";"20";"I";"3616489,823773";"15";;;;" 0"
"GRT Gaz";"2018";"G";"84";"ENT";"21";"I";"162815,531719";"2";;;;" 0"
"GRT Gaz";"2018";"G";"84";"ENT";"22";"I";"188167,93371";"4";;;;" 0"
"GRT Gaz";"2018";"G";"84";"ENT";"23";"I";"2821630,714762";"28";;;;" 0"
"GRT Gaz";"2018";"G";"84";"ENT";"24";"I";"1334517,862846";"12";;;;" 0"
"GRT Gaz";"2018";"G";"84";"ENT";"25";"I";"161248,495233";"7";;;;" 0"
"GRT Gaz";"2018";"G";"84";"ENT";"27";"I";"12537,61506";"1";;;;" 0"
"GRT Gaz";"2018";"G";"84";"ENT";"28";"I";"32928,920916";"2";;;;" 0"
"GRT Gaz";"2018";"G";"84";"ENT";"29";"I";"78785,094175";"2";;;;" 0"
"GRT Gaz";"2018";"G";"84";"ENT";"35";"I";"2415955,601178";"9";;;;" 0"
"GRT Gaz";"2018";"G";"84";"ENT";"33";"T";"58430,456115";"1";;;;" 0"
"GRT Gaz";"2018";"G";"84";"ENT";"38";"T";"80859,472624";"3";;;;" 0"
"GRT Gaz";"2018";"G";"84";"ENT";"52";"T";"2752,418703";"1";;;;" 0"
"GRT Gaz";"2018";"G";"84";"ENT";"72";"T";"120011,735989";"3";;;;" 0"
"GRT Gaz";"2018";"G";"84";"ENT";"82";"T";"1221431,411094";"2";;;;" 0"
"GRDF";"2018";"G";"93";"ENT";;"X";"10298,9322";"139";;;;
"GRDF";"2018";"G";"93";"ENT";;"T";"1035986,16989";"901";;;;
"GRDF";"2018";"G";"93";"ENT";;"A";"69843,74747";"26";;;;
"GRDF";"2018";"G";"93";"PRO";;"T";"918594,13332";"18864";;;;
"GRDF";"2018";"G";"93";"RES";;"R";"7458548,10646";"704886";;;;
"GRDF";"2018";"G";"93";"ENT";"58";"T";"2764,83397";"2";;;;
"GRDF";"2018";"G";"93";"ENT";"65";"T";"3556,55833";"5";;;;
"GRDF";"2018";"G";"93";"ENT";"85";"T";"120163,18894";"190";;;;
"GRDF";"2018";"G";"93";"ENT";"42";"I";"28019,23318";"5";;;;
"GRDF";"2018";"G";"93";"ENT";"55";"T";"137753,71717";"239";;;;
"GRDF";"2018";"G";"93";"ENT";"24";"I";"2741,5252";"2";;;;
"GRDF";"2018";"G";"93";"ENT";"56";"T";"9954,25017";"39";;;;
"GRDF";"2018";"G";"93";"ENT";"20";"I";"255475,51785";"35";;;;
"GRDF";"2018";"G";"93";"ENT";"50";"T";"3936,87012";"2";;;;
"GRDF";"2018";"G";"93";"ENT";"51";"T";"872,68571";"3";;;;
"GRDF";"2018";"G";"93";"ENT";"61";"T";"2708,77468";"5";;;;
"GRDF";"2018";"G";"93";"ENT";"03";"A";"0,01227";"2";;;;
"GRDF";"2018";"G";"93";"ENT";"13";"I";"3436,21951";"4";;;;
"GRDF";"2018";"G";"93";"ENT";"10";"I";"308499,62741";"88";;;;
"GRDF";"2018";"G";"93";"ENT";"21";"I";"37164,61829";"8";;;;
"GRDF";"2018";"G";"93";"ENT";"96";"T";"46389,57132";"30";;;;
"GRDF";"2018";"G";"93";"ENT";"41";"I";"3740,87993";"11";;;;
"GRDF";"2018";"G";"93";"ENT";"14";"I";"2994,48298";"1";;;;
"GRDF";"2018";"G";"93";"ENT";"78";"T";"35,20384";"1";;;;
"GRDF";"2018";"G";"93";"ENT";"88";"T";"59553,55504";"108";;;;
"GRDF";"2018";"G";"93";"ENT";"17";"I";"7385,08401";"3";;;;
"GRDF";"2018";"G";"93";"ENT";"86";"T";"301056,18285";"180";;;;
"GRDF";"2018";"G";"93";"ENT";"69";"T";"2469,72494";"4";;;;
"GRDF";"2018";"G";"93";"ENT";"72";"T";"15510,29719";"18";;;;
"GRDF";"2018";"G";"93";"ENT";"77";"T";"2606,18412";"4";;;;
"GRDF";"2018";"G";"93";"ENT";"92";"T";"406,71982";"1";;;;
"GRDF";"2018";"G";"93";"ENT";"68";"T";"373877,23529";"605";;;;
"GRDF";"2018";"G";"93";"ENT";"32";"I";"8824,1056";"5";;;;
"GRDF";"2018";"G";"93";"ENT";"27";"I";"6889,41979";"6";;;;
"GRDF";"2018";"G";"93";"ENT";"30";"I";"6909,91953";"4";;;;
"GRDF";"2018";"G";"93";"ENT";"18";"I";"13980,83976";"4";;;;
"GRDF";"2018";"G";"93";"ENT";"28";"I";"10813,94052";"13";;;;
"GRDF";"2018";"G";"93";"ENT";"93";"T";"7886,81041";"15";;;;
"GRDF";"2018";"G";"93";"ENT";"90";"T";"4430,47573";"10";;;;
"GRDF";"2018";"G";"93";"ENT";"52";"T";"8255,98634";"18";;;;
"GRDF";"2018";"G";"93";"ENT";"22";"I";"28055,35075";"10";;;;
"GRDF";"2018";"G";"93";"ENT";"45";"T";"14647,67307";"49";;;;
"GRDF";"2018";"G";"93";"ENT";"23";"I";"30634,83653";"13";;;;
"GRDF";"2018";"G";"93";"ENT";"01";"A";"229503,32237";"131";;;;
"GRDF";"2018";"G";"93";"ENT";"62";"T";"6647,63717";"3";;;;
"GRDF";"2018";"G";"93";"ENT";"33";"T";"6564,5419";"16";;;;
"GRDF";"2018";"G";"93";"ENT";"81";"T";"49110,06779";"82";;;;
"GRDF";"2018";"G";"93";"ENT";"26";"I";"10333,71879";"10";;;;
"GRDF";"2018";"G";"93";"ENT";"91";"T";"2001,11107";"4";;;;
"GRDF";"2018";"G";"93";"ENT";"38";"T";"4102,28381";"10";;;;
"GRDF";"2018";"G";"93";"ENT";"46";"T";"140226,44039";"75";;;;
"GRDF";"2018";"G";"93";"ENT";"84";"T";"575721,19947";"790";;;;
"GRDF";"2018";"G";"93";"ENT";"47";"T";"32724,50133";"66";;;;
"GRDF";"2018";"G";"93";"ENT";"64";"T";"90626,17051";"49";;;;
"GRDF";"2018";"G";"93";"ENT";"82";"T";"4328,8438";"11";;;;
"GRDF";"2018";"G";"93";"ENT";"35";"I";"158997,01478";"23";;;;
"GRDF";"2018";"G";"93";"ENT";"25";"I";"54280,58633";"24";;;;
"GRDF";"2018";"G";"93";"ENT";"71";"T";"7298,01811";"9";;;;
"GRDF";"2018";"G";"93";"ENT";"79";"T";"337,20165";"1";;;;
"GRDF";"2018";"G";"93";"ENT";"98";"T";"1850,3888";"2";;;;
"GRDF";"2018";"G";"93";"ENT";"59";"T";"1543,20827";"2";;;;
"GRDF";"2018";"G";"93";"ENT";"16";"I";"1398,51976";"2";;;;
"GRDF";"2018";"G";"93";"PRO";;"A";"5827,18046";"142";;;;
"GRDF";"2018";"G";"93";"ENT";;"I";"393338,68989";"57";;;;
"GRDF";"2018";"G";"93";"PRO";;"I";"84417,6554";"1451";;;;
"GRDF";"2018";"G";"93";"ENT";"29";"I";"6247,60548";"4";;;;
"GRDF";"2018";"G";"93";"ENT";"11";"I";"42822,74928";"12";;;;
"GRDF";"2018";"G";"93";"ENT";"87";"T";"120032,83789";"200";;;;
"GRDF";"2018";"G";"93";"ENT";"43";"I";"136151,21035";"129";;;;
"GRDF";"2018";"G";"93";"ENT";"94";"T";"16833,57528";"48";;;;
"GRDF";"2018";"G";"93";"ENT";"36";"T";"10351,4689";"6";;;;
"GRDF";"2018";"G";"93";"ENT";"49";"T";"25637,74866";"36";;;;
"GRDF";"2018";"G";"93";"ENT";"70";"T";"58694,51315";"97";;;;
"GRDF";"2018";"G";"93";"ENT";"74";"T";"13328,98515";"19";;;;
"GRT Gaz";"2018";"G";"93";"ENT";"08";"I";"77562,960723";"1";;;;" 0"
"GRT Gaz";"2018";"G";"93";"ENT";"10";"I";"37425,686101";"2";;;;" 0"
"GRT Gaz";"2018";"G";"93";"ENT";"17";"I";"109256,787645";"1";;;;" 0"
"GRT Gaz";"2018";"G";"93";"ENT";"19";"I";"4250596,795071";"6";;;;" 0"
"GRT Gaz";"2018";"G";"93";"ENT";"20";"I";"4587663,342721";"12";;;;" 0"
"GRT Gaz";"2018";"G";"93";"ENT";"23";"I";"684155,021187";"9";;;;" 0"
"GRT Gaz";"2018";"G";"93";"ENT";"24";"I";"2695888,310494";"3";;;;" 0"
"GRT Gaz";"2018";"G";"93";"ENT";"30";"I";"45934,937156";"1";;;;" 0"
"GRT Gaz";"2018";"G";"93";"ENT";"35";"I";"11263292,626924";"13";;;;" 0"
"GRT Gaz";"2018";"G";"93";"ENT";"33";"T";"1628,197596";"1";;;;" 0"
"GRT Gaz";"2018";"G";"93";"ENT";"45";"T";"10857,412828";"1";;;;" 0"
"GRT Gaz";"2018";"G";"93";"ENT";"72";"T";"76245,695992";"1";;;;" 0"
